Workbook

Sheet Full Chart
A1: Primary Serial | B1: Hashrate | C1: Sticker | D1: Model Serial | E1: Model | F1: Side Serial | G1: Year Serial | H1: YearOM | I1: Rated J/TH | J1: Calc Watts | K1: Env. | L1: Hashboard | M1: Hashboard Serial | N1: ASIC Chip | O1: ASICs/HB | P1: # HB | Q1: Total ASIC | R1: Power Supply | S1: PSU HW Code | T1: Control Board Options | U1: CV Prevalence | V1: HB Material | W1: Temp Sens/HB | X1: PIC/MOS | Y1: Heatsink Type | Z1: Fan Size | AA1: Fan RPM | AB1: Chassis Size | AC1: PSU Size | AD1: Power Connector | AE1: AC Voltage Range | AF1: LPM | AG1: LPM Update Req. | AH1: HEM | AI1: Stock FW - FMT | AJ1: Vnish FW - FMT | AK1: Reference Model | AL1: Favorites
A2: 67A | B2: 110 | C2: S19 Pro_110T | D2: =MID(A2,1,2) -> 67 | E2: S19 Pro | F2: 67U | G2: J | H2: 2020 | I2: 29.5 | J2: =B2*I2 -> 3245 | K2: Air | L2: NBS1901 | M2: YI3 | N2: BM1398 | O2: 114 | P2: 3 | Q2: =O2*P2 -> 342 | R2: APW121215ABC | S2: 0x71, 0x72, 0x73 | T2: Xilinx | U2: 0 | V2: FR4 | W2: 4 | X2: Yes | Y2: Solid Plate | Z2: 120mm | AA2: 6000 | AB2: S19 Short-30mm | AC2: Normal Size | AD2: 2x C13 | AE2: 200-240V | AF2: Yes | AG2: December 2022 | AH2: No | AI2: =_xlfn.TEXTBEFORE(C2,"_") & " (" & _xlfn.TEXTAFTER(C2,"_") & ")" -> S19 Pro (110T) | AJ2: =_xlfn.TEXTBEFORE(C2,"_") & " (Vnish)" -> S19 Pro (Vnish) | AK2: 1 | AL2: 1
A3: 67B | B3: 105 | C3: S19 Pro_105T | D3: =MID(A3,1,2) -> 67 | E3: S19 Pro | F3: 67U | G3: J | H3: 2020 | I3: 29.5 | J3: =B3*I3 -> 3097.5 | K3: Air | L3: NBS1901 | M3: YI3 | N3: BM1398 | O3: 114 | P3: 3 | Q3: =O3*P3 -> 342 | R3: APW121215ABC | S3: 0x71, 0x72, 0x73 | T3: Xilinx | U3: 0 | V3: FR4 | W3: 4 | X3: Yes | Y3: Solid Plate | Z3: 120mm | AA3: 6000 | AB3: S19 Short-30mm | AC3: Normal Size | AD3: 2x C13 | AE3: 200-240V | AF3: Yes | AG3: December 2022 | AH3: No | AI3: =_xlfn.TEXTBEFORE(C3,"_") & " (" & _xlfn.TEXTAFTER(C3,"_") & ")" -> S19 Pro (105T) | AJ3: =_xlfn.TEXTBEFORE(C3,"_") & " (Vnish)" -> S19 Pro (Vnish) | AK3: 0 | AL3: 0
A4: 68A | B4: 95 | C4: S19_95T | D4: =MID(A4,1,2) -> 68 | E4: S19 | F4: 68U | G4: J | H4: 2020 | I4: 34 | J4: =B4*I4 -> 3230 | K4: Air | L4: NBS1902 | N4: BM1398 | O4: 76 | P4: 3 | Q4: =O4*P4 -> 228 | R4: APW121215ABC | S4: 0x71, 0x72, 0x73 | T4: Xilinx | U4: 0 | V4: FR4 | W4: 4 | X4: Yes | Y4: Solid Plate | Z4: 120mm | AA4: 6000 | AB4: S19 Normal-60mm | AC4: Normal Size | AD4: 2x C13 | AE4: 200-240V | AF4: Yes | AG4: December 2022 | AH4: No | AI4: =_xlfn.TEXTBEFORE(C4,"_") & " (" & _xlfn.TEXTAFTER(C4,"_") & ")" -> S19 (95T) | AJ4: =_xlfn.TEXTBEFORE(C4,"_") & " (Vnish)" -> S19 (Vnish) | AK4: 1 | AL4: 1
A5: 68B | B5: 90 | C5: S19_90T | D5: =MID(A5,1,2) -> 68 | E5: S19 | F5: 68U | G5: J | H5: 2020 | I5: 36 | J5: =B5*I5 -> 3240 | K5: Air | L5: NBS1902 | N5: BM1398 | O5: 76 | P5: 3 | Q5: =O5*P5 -> 228 | R5: APW121215ABC | S5: 0x71, 0x72, 0x73 | T5: Xilinx | U5: 0 | V5: FR4 | W5: 4 | X5: Yes | Y5: Solid Plate | Z5: 120mm | AA5: 6000 | AB5: S19 Normal-60mm | AC5: Normal Size | AD5: 2x C13 | AE5: 200-240V | AF5: Yes | AG5: December 2022 | AH5: No | AI5: =_xlfn.TEXTBEFORE(C5,"_") & " (" & _xlfn.TEXTAFTER(C5,"_") & ")" -> S19 (90T) | AJ5: =_xlfn.TEXTBEFORE(C5,"_") & " (Vnish)" -> S19 (Vnish) | AK5: 0 | AL5: 0
A6: A0A | B6: 88 | C6: T19_88T | D6: =MID(A6,1,2) -> A0 | E6: T19 | F6: A0U | G6: J | H6: 2020 | I6: 37.5 | J6: =B6*I6 -> 3300 | K6: Air | L6: NBS1903 | N6: BM1398 | O6: 76 | P6: 3 | Q6: =O6*P6 -> 228 | R6: APW121215ABC | S6: 0x71, 0x72, 0x73 | T6: Xilinx | U6: 0 | V6: FR4 | W6: 4 | X6: Yes | Y6: Solid Plate | Z6: 120mm | AA6: 6000 | AB6: S19 Normal-60mm | AC6: Normal Size | AD6: 2x C13 | AE6: 200-240V | AF6: Yes | AG6: December 2022 | AH6: No | AI6: =_xlfn.TEXTBEFORE(C6,"_") & " (" & _xlfn.TEXTAFTER(C6,"_") & ")" -> T19 (88T) | AJ6: =_xlfn.TEXTBEFORE(C6,"_") & " (Vnish)" -> T19 (Vnish) | AK6: 0 | AL6: 0
A7: A0B | B7: 84 | C7: T19_84T | D7: =MID(A7,1,2) -> A0 | E7: T19 | F7: A0U | G7: J | H7: 2020 | I7: 37.5 | J7: =B7*I7 -> 3150 | K7: Air | L7: NBS1903 | N7: BM1398 | O7: 76 | P7: 3 | Q7: =O7*P7 -> 228 | R7: APW121215ABC | S7: 0x71, 0x72, 0x73 | T7: Xilinx | U7: 0 | V7: FR4 | W7: 4 | X7: Yes | Y7: Solid Plate | Z7: 120mm | AA7: 6000 | AB7: S19 Normal-60mm | AC7: Normal Size | AD7: 2x C13 | AE7: 200-240V | AF7: Yes | AG7: December 2022 | AH7: No | AI7: =_xlfn.TEXTBEFORE(C7,"_") & " (" & _xlfn.TEXTAFTER(C7,"_") & ")" -> T19 (84T) | AJ7: =_xlfn.TEXTBEFORE(C7,"_") & " (Vnish)" -> T19 (Vnish) | AK7: 1 | AL7: 0
A8: ADA | B8: 120 | C8: S19j Pro+_120T | D8: =MID(A8,1,2) -> AD | E8: S19j Pro+ | F8: ADU | G8: C | H8: 2023 | I8: 27.5 | J8: =B8*I8 -> 3300 | K8: Air | L8: BHB42612 | M8: YR5 | N8: BM1362 | O8: 120 | P8: 3 | Q8: =O8*P8 -> 360 | R8: APW121215DEF | S8: 0x74, 0x75, 0x76 | T8: Xilinx, AML | U8: 0.001 | V8: FR4 | W8: 2 | X8: No | Y8: Ind. Soldered | Z8: 120mm | AA8: 6000 | AB8: S19 Normal-60mm | AC8: Normal Size | AD8: 2x C13 | AE8: 200-240V | AF8: Yes | AG8: Initial | AH8: No | AI8: =_xlfn.TEXTBEFORE(C8,"_") & " (" & _xlfn.TEXTAFTER(C8,"_") & ")" -> S19j Pro+ (120T) | AJ8: =_xlfn.TEXTBEFORE(C8,"_") & " (Vnish)" -> S19j Pro+ (Vnish) | AK8: 1 | AL8: 1
A9: ADB | B9: 117 | C9: S19j Pro+_117T | D9: =MID(A9,1,2) -> AD | E9: S19j Pro+ | F9: ADU | G9: C | H9: 2023 | I9: 27.5 | J9: =B9*I9 -> 3217.5 | K9: Air | L9: BHB42612 | M9: YR5 | N9: BM1362 | O9: 120 | P9: 3 | Q9: =O9*P9 -> 360 | R9: APW121215DEF | S9: 0x74, 0x75, 0x76 | T9: Xilinx, AML | U9: 0.001 | V9: FR4 | W9: 2 | X9: No | Y9: Ind. Soldered | Z9: 120mm | AA9: 6000 | AB9: S19 Normal-60mm | AC9: Normal Size | AD9: 2x C13 | AE9: 200-240V | AF9: Yes | AG9: Initial | AH9: No | AI9: =_xlfn.TEXTBEFORE(C9,"_") & " (" & _xlfn.TEXTAFTER(C9,"_") & ")" -> S19j Pro+ (117T) | AJ9: =_xlfn.TEXTBEFORE(C9,"_") & " (Vnish)" -> S19j Pro+ (Vnish) | AK9: 0 | AL9: 1
A10: ADC | B10: 113 | C10: S19j Pro+_113T | D10: =MID(A10,1,2) -> AD | E10: S19j Pro+ | F10: ADU | G10: C | H10: 2023 | I10: 27.5 | J10: =B10*I10 -> 3107.5 | K10: Air | L10: BHB42612 | M10: YR5 | N10: BM1362 | O10: 120 | P10: 3 | Q10: =O10*P10 -> 360 | R10: APW121215DEF | S10: 0x74, 0x75, 0x76 | T10: Xilinx, AML | U10: 0.001 | V10: FR4 | W10: 2 | X10: No | Y10: Ind. Soldered | Z10: 120mm | AA10: 6000 | AB10: S19 Normal-60mm | AC10: Normal Size | AD10: 2x C13 | AE10: 200-240V | AF10: Yes | AG10: Initial | AH10: No | AI10: =_xlfn.TEXTBEFORE(C10,"_") & " (" & _xlfn.TEXTAFTER(C10,"_") & ")" -> S19j Pro+ (113T) | AJ10: =_xlfn.TEXTBEFORE(C10,"_") & " (Vnish)" -> S19j Pro+ (Vnish) | AK10: 0 | AL10: 0
A11: AEA | B11: 120 | C11: S19k Pro_120T | D11: =MID(A11,1,2) -> AE | E11: S19k Pro | F11: AEU | G11: C | H11: 2023 | I11: 23 | J11: =B11*I11 -> 2760 | K11: Air | L11: BHB56902 | N11: BM1366 | O11: 77 | P11: 3 | Q11: =O11*P11 -> 231 | R11: APW121215DEF | S11: 0x74, 0x75, 0x76 | T11: Xilinx, AML, CV | U11: 0.5 | V11: FR4 | W11: 2 | X11: No | Y11: Ind. Soldered | Z11: 120mm | AA11: 6000/7000 | AB11: S19 Normal-60mm | AC11: Normal Size | AD11: 2x C13 | AE11: 200-240V | AF11: No | AG11: N/A | AH11: Yes | AI11: =_xlfn.TEXTBEFORE(C11,"_") & " (" & _xlfn.TEXTAFTER(C11,"_") & ")" -> S19k Pro (120T) | AJ11: =_xlfn.TEXTBEFORE(C11,"_") & " (Vnish)" -> S19k Pro (Vnish) | AK11: 1 | AL11: 0
A12: AEB | B12: 115 | C12: S19k Pro_115T | D12: =MID(A12,1,2) -> AE | E12: S19k Pro | F12: AEU | G12: C | H12: 2023 | I12: 23 | J12: =B12*I12 -> 2645 | K12: Air | L12: BHB56902 | N12: BM1366 | O12: 77 | P12: 3 | Q12: =O12*P12 -> 231 | R12: APW121215DEF | S12: 0x74, 0x75, 0x76 | T12: Xilinx, AML, CV | U12: 0.5 | V12: FR4 | W12: 2 | X12: No | Y12: Ind. Soldered | Z12: 120mm | AA12: 6000/7000 | AB12: S19 Normal-60mm | AC12: Normal Size | AD12: 2x C13 | AE12: 200-240V | AF12: No | AG12: N/A | AH12: Yes | AI12: =_xlfn.TEXTBEFORE(C12,"_") & " (" & _xlfn.TEXTAFTER(C12,"_") & ")" -> S19k Pro (115T) | AJ12: =_xlfn.TEXTBEFORE(C12,"_") & " (Vnish)" -> S19k Pro (Vnish) | AK12: 0 | AL12: 0
A13: AEC | B13: 110 | C13: S19k Pro_110T | D13: =MID(A13,1,2) -> AE | E13: S19k Pro | F13: AEU | G13: C | H13: 2023 | I13: 23 | J13: =B13*I13 -> 2530 | K13: Air | L13: BHB56902 | N13: BM1366 | O13: 77 | P13: 3 | Q13: =O13*P13 -> 231 | R13: APW121215DEF | S13: 0x74, 0x75, 0x76 | T13: Xilinx, AML, CV | U13: 0.5 | V13: FR4 | W13: 2 | X13: No | Y13: Ind. Soldered | Z13: 120mm | AA13: 6000/7000 | AB13: S19 Normal-60mm | AC13: Normal Size | AD13: 2x C13 | AE13: 200-240V | AF13: No | AG13: N/A | AH13: Yes | AI13: =_xlfn.TEXTBEFORE(C13,"_") & " (" & _xlfn.TEXTAFTER(C13,"_") & ")" -> S19k Pro (110T) | AJ13: =_xlfn.TEXTBEFORE(C13,"_") & " (Vnish)" -> S19k Pro (Vnish) | AK13: 0 | AL13: 0
A14: AHA | B14: 335 | C14: S21 Hyd._335T | D14: AH | E14: S21 Hyd. | F14: AHU | G14: D | H14: 2024 | I14: 16 | J14: =B14*I14 -> 5360 | K14: Hydro | L14: HHB68501 | N14: BM1368 | O14: 216 | P14: 3 | Q14: =O14*P14 -> 648 | R14: APW111721 (Hyd) | S14: Unknown | T14: Xilinx (Hydro) | U14: 0 | V14: FR4 | W14: 2 | X14: No | Y14: Liquid-to-Chip | Z14: N/A | AA14: N/A | AB14: Hydro Size | AC14: Hydro Size | AD14: LP-20-4 | AE14: 380-415V | AF14: No | AG14: N/A | AH14: Unknown | AI14: =_xlfn.TEXTBEFORE(C14,"_") & " (" & _xlfn.TEXTAFTER(C14,"_") & ")" -> S21 Hyd. (335T) | AJ14: =_xlfn.TEXTBEFORE(C14,"_") & " (Vnish)" -> S21 Hyd. (Vnish) | AK14: 1 | AL14: 0
A15: AHB | B15: 319 | C15: S21 Hyd._319T | D15: AH | E15: S21 Hyd. | F15: AHU | G15: D | H15: 2024 | I15: 16 | J15: =B15*I15 -> 5104 | K15: Hydro | L15: HHB68501 | N15: BM1368 | O15: 216 | P15: 3 | Q15: =O15*P15 -> 648 | R15: APW111721 (Hyd) | S15: Unknown | T15: Xilinx (Hydro) | U15: 0 | V15: FR4 | W15: 2 | X15: No | Y15: Liquid-to-Chip | Z15: N/A | AA15: N/A | AB15: Hydro Size | AC15: Hydro Size | AD15: LP-20-4 | AE15: 380-415V | AF15: No | AG15: N/A | AH15: Unknown | AI15: =_xlfn.TEXTBEFORE(C15,"_") & " (" & _xlfn.TEXTAFTER(C15,"_") & ")" -> S21 Hyd. (319T) | AJ15: =_xlfn.TEXTBEFORE(C15,"_") & " (Vnish)" -> S21 Hyd. (Vnish) | AK15: 0 | AL15: 0
A16: ANA | B16: 151 | C16: S19j XP_151T | D16: AN | E16: S19j XP | F16: ANU | G16: C | H16: 2023 | I16: 21.5 | J16: =B16*I16 -> 3246.5 | K16: Air | L16: Unknown | N16: BM1366 | O16: 110 | P16: 3 | Q16: =O16*P16 -> 330 | R16: APW171215A | S16: 0xc1 | T16: Xilinx, AML, CV | U16: 0.5 | V16: Aluminum | W16: 2 | X16: No | Y16: Solid Plate | Z16: 120mm | AA16: 6000 | AB16: S19 Normal-60mm | AC16: Normal Size | AD16: P13 (4 Pin) | AE16: 220-277V | AF16: Unknown | AG16: Unknown | AH16: Unknown | AI16: =_xlfn.TEXTBEFORE(C16,"_") & " (" & _xlfn.TEXTAFTER(C16,"_") & ")" -> S19j XP (151T) | AJ16: =_xlfn.TEXTBEFORE(C16,"_") & " (Vnish)" -> S19j XP (Vnish) | AK16: 1 | AL16: 0
A17: ATA | B17: 200 | C17: S21_200T | D17: =MID(A17,1,2) -> AT | E17: S21 | F17: ATU | G17: C/D | H17: 2023/2024 | I17: 17.5 | J17: =B17*I17 -> 3500 | K17: Air | L17: BHB68603 | M17: YRH | N17: BM1368 | O17: 108 | P17: 3 | Q17: =O17*P17 -> 324 | R17: APW171215A | S17: 0xc1 | T17: AML | U17: 0 | V17: Aluminum | W17: 2 | X17: No | Y17: Solid Plate | Z17: 120mm | AA17: 7000 | AB17: S19 Normal-60mm | AC17: Normal Size | AD17: P13 (4 Pin) | AE17: 220-277V | AF17: Yes | AG17: Initial | AH17: No | AI17: =_xlfn.TEXTBEFORE(C17,"_") & " (" & _xlfn.TEXTAFTER(C17,"_") & ")" -> S21 (200T) | AJ17: =_xlfn.TEXTBEFORE(C17,"_") & " (Vnish)" -> S21 (Vnish) | AK17: 1 | AL17: 1
A18: ATB | B18: 188 | C18: S21_188T | D18: =MID(A18,1,2) -> AT | E18: S21 | F18: ATU | G18: C/D | H18: 2023/2024 | I18: 17.5 | J18: =B18*I18 -> 3290 | K18: Air | L18: BHB68603 | M18: YRH | N18: BM1368 | O18: 108 | P18: 3 | Q18: =O18*P18 -> 324 | R18: APW171215A | S18: 0xc1 | T18: AML | U18: 0 | V18: Aluminum | W18: 2 | X18: No | Y18: Solid Plate | Z18: 120mm | AA18: 7000 | AB18: S19 Normal-60mm | AC18: Normal Size | AD18: P13 (4 Pin) | AE18: 220-277V | AF18: Yes | AG18: Initial | AH18: No | AI18: =_xlfn.TEXTBEFORE(C18,"_") & " (" & _xlfn.TEXTAFTER(C18,"_") & ")" -> S21 (188T) | AJ18: =_xlfn.TEXTBEFORE(C18,"_") & " (Vnish)" -> S21 (Vnish) | AK18: 0 | AL18: 1
A19: ATD | B19: 195 | C19: S21_195T | D19: =MID(A19,1,2) -> AT | E19: S21 | F19: ATU | G19: C/D | H19: 2023/2024 | I19: 17.5 | J19: =B19*I19 -> 3412.5 | K19: Air | L19: BHB68603 | M19: YRH | N19: BM1368 | O19: 108 | P19: 3 | Q19: =O19*P19 -> 324 | R19: APW171215A | S19: 0xc1 | T19: AML | U19: 0 | V19: Aluminum | W19: 2 | X19: No | Y19: Solid Plate | Z19: 120mm | AA19: 7000 | AB19: S19 Normal-60mm | AC19: Normal Size | AD19: P13 (4 Pin) | AE19: 220-277V | AF19: Yes | AG19: Initial | AH19: No | AI19: =_xlfn.TEXTBEFORE(C19,"_") & " (" & _xlfn.TEXTAFTER(C19,"_") & ")" -> S21 (195T) | AJ19: =_xlfn.TEXTBEFORE(C19,"_") & " (Vnish)" -> S21 (Vnish) | AK19: 0 | AL19: 1
A20: AWA | B20: 141 | C20: S19 XP_141T | D20: =MID(A20,1,2) -> AW | E20: S19 XP | F20: AWU | G20: C | H20: 2023 | I20: 21.5 | J20: =B20*I20 -> 3031.5 | K20: Air | L20: BHB56806 | M20: YRJ | N20: BM1366 | O20: 110 | P20: 3 | Q20: =O20*P20 -> 330 | R20: APW121215DEF | S20: 0x74, 0x75, 0x76 | T20: Xilinx, AML, CV | U20: 0.5 | V20: Aluminum | W20: 2 | X20: No | Y20: Solid Plate | Z20: 120mm | AA20: 6000 | AB20: S19 Normal-60mm | AC20: Normal Size | AD20: 2x C13 | AE20: 200-240V | AF20: Yes | AG20: July 2023 | AH20: No | AI20: =_xlfn.TEXTBEFORE(C20,"_") & " (" & _xlfn.TEXTAFTER(C20,"_") & ")" -> S19 XP (141T) | AJ20: =_xlfn.TEXTBEFORE(C20,"_") & " (Vnish)" -> S19 XP (Vnish) | AK20: 0 | AL20: 1
A21: AWB | B21: 134 | C21: S19 XP_134T | D21: =MID(A21,1,2) -> AW | E21: S19 XP | F21: AWU | G21: C | H21: 2023 | I21: 21.5 | J21: =B21*I21 -> 2881 | K21: Air | L21: BHB56806 | M21: YRJ | N21: BM1366 | O21: 110 | P21: 3 | Q21: =O21*P21 -> 330 | R21: APW121215DEF | S21: 0x74, 0x75, 0x76 | T21: Xilinx, AML, CV | U21: 0.5 | V21: Aluminum | W21: 2 | X21: No | Y21: Solid Plate | Z21: 120mm | AA21: 6000 | AB21: S19 Normal-60mm | AC21: Normal Size | AD21: 2x C13 | AE21: 200-240V | AF21: Yes | AG21: July 2023 | AH21: No | AI21: =_xlfn.TEXTBEFORE(C21,"_") & " (" & _xlfn.TEXTAFTER(C21,"_") & ")" -> S19 XP (134T) | AJ21: =_xlfn.TEXTBEFORE(C21,"_") & " (Vnish)" -> S19 XP (Vnish) | AK21: 0 | AL21: 1
A22: AWC | B22: 127 | C22: S19 XP_127T | D22: =MID(A22,1,2) -> AW | E22: S19 XP | F22: AWU | G22: C | H22: 2023 | I22: 21.5 | J22: =B22*I22 -> 2730.5 | K22: Air | L22: BHB56806 | M22: YRJ | N22: BM1366 | O22: 110 | P22: 3 | Q22: =O22*P22 -> 330 | R22: APW121215DEF | S22: 0x74, 0x75, 0x76 | T22: Xilinx, AML, CV | U22: 0.5 | V22: Aluminum | W22: 2 | X22: No | Y22: Solid Plate | Z22: 120mm | AA22: 6000 | AB22: S19 Normal-60mm | AC22: Normal Size | AD22: 2x C13 | AE22: 200-240V | AF22: Yes | AG22: July 2023 | AH22: No | AI22: =_xlfn.TEXTBEFORE(C22,"_") & " (" & _xlfn.TEXTAFTER(C22,"_") & ")" -> S19 XP (127T) | AJ22: =_xlfn.TEXTBEFORE(C22,"_") & " (Vnish)" -> S19 XP (Vnish) | AK22: 0 | AL22: 1
A23: B0A | B23: 120 | C23: S19k Pro_120T | D23: =MID(A23,1,2) -> B0 | E23: S19k Pro | F23: B0U | G23: D | H23: 2024 | I23: 23 | J23: =B23*I23 -> 2760 | K23: Air | L23: BHB56903 | N23: BM1366 | O23: 77 | P23: 3 | Q23: =O23*P23 -> 231 | R23: APW121215DEF | S23: 0x74, 0x75, 0x76 | T23: Xilinx, AML, CV | U23: 0.95 | V23: Aluminum | W23: 2 | X23: No | Y23: Ind. Soldered | Z23: 120mm | AA23: 6000/7000 | AB23: S19 Normal-60mm | AC23: Normal Size | AD23: 2x C13 | AE23: 200-240V | AF23: No | AG23: N/A | AH23: Yes | AI23: =_xlfn.TEXTBEFORE(C23,"_") & " (" & _xlfn.TEXTAFTER(C23,"_") & ")" -> S19k Pro (120T) | AJ23: =_xlfn.TEXTBEFORE(C23,"_") & " (Vnish)" -> S19k Pro (Vnish) | AK23: 0 | AL23: 0
A24: B0B | B24: 115 | C24: S19k Pro_115T | D24: =MID(A24,1,2) -> B0 | E24: S19k Pro | F24: B0U | G24: D | H24: 2024 | I24: 23 | J24: =B24*I24 -> 2645 | K24: Air | L24: BHB56903 | N24: BM1366 | O24: 77 | P24: 3 | Q24: =O24*P24 -> 231 | R24: APW121215DEF | S24: 0x74, 0x75, 0x76 | T24: Xilinx, AML, CV | U24: 0.95 | V24: Aluminum | W24: 2 | X24: No | Y24: Ind. Soldered | Z24: 120mm | AA24: 6000/7000 | AB24: S19 Normal-60mm | AC24: Normal Size | AD24: 2x C13 | AE24: 200-240V | AF24: No | AG24: N/A | AH24: Yes | AI24: =_xlfn.TEXTBEFORE(C24,"_") & " (" & _xlfn.TEXTAFTER(C24,"_") & ")" -> S19k Pro (115T) | AJ24: =_xlfn.TEXTBEFORE(C24,"_") & " (Vnish)" -> S19k Pro (Vnish) | AK24: 0 | AL24: 0
A25: B0C | B25: 110 | C25: S19k Pro_110T | D25: =MID(A25,1,2) -> B0 | E25: S19k Pro | F25: B0U | G25: D | H25: 2024 | I25: 23 | J25: =B25*I25 -> 2530 | K25: Air | L25: BHB56903 | N25: BM1366 | O25: 77 | P25: 3 | Q25: =O25*P25 -> 231 | R25: APW121215DEF | S25: 0x74, 0x75, 0x76 | T25: Xilinx, AML, CV | U25: 0.95 | V25: Aluminum | W25: 2 | X25: No | Y25: Ind. Soldered | Z25: 120mm | AA25: 6000/7000 | AB25: S19 Normal-60mm | AC25: Normal Size | AD25: 2x C13 | AE25: 200-240V | AF25: No | AG25: N/A | AH25: Yes | AI25: =_xlfn.TEXTBEFORE(C25,"_") & " (" & _xlfn.TEXTAFTER(C25,"_") & ")" -> S19k Pro (110T) | AJ25: =_xlfn.TEXTBEFORE(C25,"_") & " (Vnish)" -> S19k Pro (Vnish) | AK25: 0 | AL25: 0
A26: B9D | B26: 88.5 | C26: S19i_88.5T | D26: =MID(A26,1,2) -> B9 | E26: S19i | F26: B9U | G26: A | H26: 2021 | I26: 34.5 | J26: =B26*I26 -> 3053.25 | K26: Air | L26: NBS2003 | N26: BM1398 | O26: 80 | P26: 3 | Q26: =O26*P26 -> 240 | R26: APW121215ABC | S26: 0x71, 0x72, 0x73 | T26: Xilinx | U26: 0 | V26: FR4 | W26: Unknown | X26: Yes | Y26: Solid Plate | Z26: 120mm | AA26: 6000 | AB26: S19 Size | AC26: Normal Size | AD26: 2x C13 | AE26: 200-240V | AF26: Unknown | AG26: Unknown | AH26: Unknown | AI26: =_xlfn.TEXTBEFORE(C26,"_") & " (" & _xlfn.TEXTAFTER(C26,"_") & ")" -> S19i (88.5T) | AJ26: =_xlfn.TEXTBEFORE(C26,"_") & " (Vnish)" -> S19i (Vnish) | AK26: 0 | AL26: 0
A27: B9E | B27: 92.5 | C27: S19i_92.5T | D27: =MID(A27,1,2) -> B9 | E27: S19i | F27: B9U | G27: A | H27: 2021 | I27: 34.5 | J27: =B27*I27 -> 3191.25 | K27: Air | L27: NBS2003 | N27: BM1398 | O27: 80 | P27: 3 | Q27: =O27*P27 -> 240 | R27: APW121215ABC | S27: 0x71, 0x72, 0x73 | T27: Xilinx | U27: 0 | V27: FR4 | W27: Unknown | X27: Yes | Y27: Solid Plate | Z27: 120mm | AA27: 6000 | AB27: S19 Size | AC27: Normal Size | AD27: 2x C13 | AE27: 200-240V | AF27: Unknown | AG27: Unknown | AH27: Unknown | AI27: =_xlfn.TEXTBEFORE(C27,"_") & " (" & _xlfn.TEXTAFTER(C27,"_") & ")" -> S19i (92.5T) | AJ27: =_xlfn.TEXTBEFORE(C27,"_") & " (Vnish)" -> S19i (Vnish) | AK27: 1 | AL27: 0
A28: C2A | B28: 90 | C28: S19_90T | D28: =MID(A28,1,2) -> C2 | E28: S19 | F28: C2U | G28: A/B | H28: 2021/2022 | I28: 34.5 | J28: =B28*I28 -> 3105 | K28: Air | L28: BHB42801 | N28: BM1362 | O28: 88 | P28: 3 | Q28: =O28*P28 -> 264 | R28: APW121417A | S28: Unknown | T28: Xilinx, AML | U28: 0 | V28: Aluminum | W28: 4 | X28: Yes | Y28: Solid Plate | Z28: 120mm | AA28: 6000 | AB28: S19 Long-90mm | AC28: Normal Size | AD28: 2x C13 | AE28: 200-240V | AF28: Yes | AG28: December 2022 | AH28: No | AI28: =_xlfn.TEXTBEFORE(C28,"_") & " (" & _xlfn.TEXTAFTER(C28,"_") & ")" -> S19 (90T) | AJ28: =_xlfn.TEXTBEFORE(C28,"_") & " (Vnish)" -> S19 (Vnish) | AK28: 1 | AL28: 0
A29: C2B | B29: 86 | C29: S19_86T | D29: =MID(A29,1,2) -> C2 | E29: S19 | F29: C2U | G29: A/B | H29: 2021/2022 | I29: 34.5 | J29: =B29*I29 -> 2967 | K29: Air | L29: BHB42801 | N29: BM1362 | O29: 88 | P29: 3 | Q29: =O29*P29 -> 264 | R29: APW121417A | S29: Unknown | T29: Xilinx, AML | U29: 0 | V29: Aluminum | W29: 4 | X29: Yes | Y29: Solid Plate | Z29: 120mm | AA29: 6000 | AB29: S19 Long-90mm | AC29: Normal Size | AD29: 2x C13 | AE29: 200-240V | AF29: Yes | AG29: December 2022 | AH29: No | AI29: =_xlfn.TEXTBEFORE(C29,"_") & " (" & _xlfn.TEXTAFTER(C29,"_") & ")" -> S19 (86T) | AJ29: =_xlfn.TEXTBEFORE(C29,"_") & " (Vnish)" -> S19 (Vnish) | AK29: 0 | AL29: 0
A30: C2C | B30: 82 | C30: S19_82T | D30: =MID(A30,1,2) -> C2 | E30: S19 | F30: C2U | G30: A/B | H30: 2021/2022 | I30: 34.5 | J30: =B30*I30 -> 2829 | K30: Air | L30: BHB42801 | N30: BM1362 | O30: 88 | P30: 3 | Q30: =O30*P30 -> 264 | R30: APW121417A | S30: Unknown | T30: Xilinx, AML | U30: 0 | V30: Aluminum | W30: 4 | X30: Yes | Y30: Solid Plate | Z30: 120mm | AA30: 6000 | AB30: S19 Long-90mm | AC30: Normal Size | AD30: 2x C13 | AE30: 200-240V | AF30: Yes | AG30: December 2022 | AH30: No | AI30: =_xlfn.TEXTBEFORE(C30,"_") & " (" & _xlfn.TEXTAFTER(C30,"_") & ")" -> S19 (82T) | AJ30: =_xlfn.TEXTBEFORE(C30,"_") & " (Vnish)" -> S19 (Vnish) | AK30: 0 | AL30: 0
A31: D4A | B31: 96 | C31: S19j Pro_96T | D31: =MID(A31,1,2) -> D4 | E31: S19j Pro | F31: D4U | G31: A/B | H31: 2021/2022 | I31: 29.5 | J31: =B31*I31 -> 2832 | K31: Air | L31: BHB42601 | N31: BM1362 | O31: 126 | P31: 3 | Q31: =O31*P31 -> 378 | R31: APW121215ABC | S31: 0x71, 0x72, 0x73 | T31: Xilinx, BB, AML | U31: 0 | V31: FR4 | W31: 4 | X31: Yes | Y31: Solid Plate | Z31: 120mm | AA31: 6000 | AB31: S19 Normal-60mm | AC31: Normal Size | AD31: 2x C13 | AE31: 200-240V | AF31: Yes | AG31: December 2022 | AH31: No | AI31: =_xlfn.TEXTBEFORE(C31,"_") & " (" & _xlfn.TEXTAFTER(C31,"_") & ")" -> S19j Pro (96T) | AJ31: =_xlfn.TEXTBEFORE(C31,"_") & " (Vnish)" -> S19j Pro (Vnish) | AK31: 0 | AL31: 1
A32: D4B | B32: 100 | C32: S19j Pro_100T | D32: =MID(A32,1,2) -> D4 | E32: S19j Pro | F32: D4U | G32: A/B | H32: 2021/2022 | I32: 29.5 | J32: =B32*I32 -> 2950 | K32: Air | L32: BHB42601 | N32: BM1362 | O32: 126 | P32: 3 | Q32: =O32*P32 -> 378 | R32: APW121215ABC | S32: 0x71, 0x72, 0x73 | T32: Xilinx, BB, AML | U32: 0 | V32: FR4 | W32: 4 | X32: Yes | Y32: Solid Plate | Z32: 120mm | AA32: 6000 | AB32: S19 Normal-60mm | AC32: Normal Size | AD32: 2x C13 | AE32: 200-240V | AF32: Yes | AG32: December 2022 | AH32: No | AI32: =_xlfn.TEXTBEFORE(C32,"_") & " (" & _xlfn.TEXTAFTER(C32,"_") & ")" -> S19j Pro (100T) | AJ32: =_xlfn.TEXTBEFORE(C32,"_") & " (Vnish)" -> S19j Pro (Vnish) | AK32: 1 | AL32: 1
A33: D4C | B33: 104 | C33: S19j Pro_104T | D33: =MID(A33,1,2) -> D4 | E33: S19j Pro | F33: D4U | G33: A/B | H33: 2021/2022 | I33: 29.5 | J33: =B33*I33 -> 3068 | K33: Air | L33: BHB42601 | N33: BM1362 | O33: 126 | P33: 3 | Q33: =O33*P33 -> 378 | R33: APW121215ABC | S33: 0x71, 0x72, 0x73 | T33: Xilinx, BB, AML | U33: 0 | V33: FR4 | W33: 4 | X33: Yes | Y33: Solid Plate | Z33: 120mm | AA33: 6000 | AB33: S19 Normal-60mm | AC33: Normal Size | AD33: 2x C13 | AE33: 200-240V | AF33: Yes | AG33: December 2022 | AH33: No | AI33: =_xlfn.TEXTBEFORE(C33,"_") & " (" & _xlfn.TEXTAFTER(C33,"_") & ")" -> S19j Pro (104T) | AJ33: =_xlfn.TEXTBEFORE(C33,"_") & " (Vnish)" -> S19j Pro (Vnish) | AK33: 0 | AL33: 1
A34: D4D | B34: 92 | C34: S19j Pro_92T | D34: =MID(A34,1,2) -> D4 | E34: S19j Pro | F34: D4U | G34: A/B | H34: 2021/2022 | I34: 29.5 | J34: =B34*I34 -> 2714 | K34: Air | L34: BHB42601 | N34: BM1362 | O34: 126 | P34: 3 | Q34: =O34*P34 -> 378 | R34: APW121215ABC | S34: 0x71, 0x72, 0x73 | T34: Xilinx, BB, AML | U34: 0 | V34: FR4 | W34: 4 | X34: Yes | Y34: Solid Plate | Z34: 120mm | AA34: 6000 | AB34: S19 Normal-60mm | AC34: Normal Size | AD34: 2x C13 | AE34: 200-240V | AF34: Yes | AG34: December 2022 | AH34: No | AI34: =_xlfn.TEXTBEFORE(C34,"_") & " (" & _xlfn.TEXTAFTER(C34,"_") & ")" -> S19j Pro (92T) | AJ34: =_xlfn.TEXTBEFORE(C34,"_") & " (Vnish)" -> S19j Pro (Vnish) | AK34: 0 | AL34: 1
A35: D4E | B35: 88 | C35: S19j Pro_88T | D35: =MID(A35,1,2) -> D4 | E35: S19j Pro | F35: D4U | G35: A/B | H35: 2021/2022 | I35: 29.5 | J35: =B35*I35 -> 2596 | K35: Air | L35: BHB42601 | N35: BM1362 | O35: 126 | P35: 3 | Q35: =O35*P35 -> 378 | R35: APW121215ABC | S35: 0x71, 0x72, 0x73 | T35: Xilinx, BB, AML | U35: 0 | V35: FR4 | W35: 4 | X35: Yes | Y35: Solid Plate | Z35: 120mm | AA35: 6000 | AB35: S19 Normal-60mm | AC35: Normal Size | AD35: 2x C13 | AE35: 200-240V | AF35: Yes | AG35: December 2022 | AH35: No | AI35: =_xlfn.TEXTBEFORE(C35,"_") & " (" & _xlfn.TEXTAFTER(C35,"_") & ")" -> S19j Pro (88T) | AJ35: =_xlfn.TEXTBEFORE(C35,"_") & " (Vnish)" -> S19j Pro (Vnish) | AK35: 0 | AL35: 1
A36: D4F | B36: 84 | C36: S19j Pro_84T | D36: =MID(A36,1,2) -> D4 | E36: S19j Pro | F36: D4U | G36: A/B | H36: 2021/2022 | I36: 29.5 | J36: =B36*I36 -> 2478 | K36: Air | L36: BHB42601 | N36: BM1362 | O36: 126 | P36: 3 | Q36: =O36*P36 -> 378 | R36: APW121215ABC | S36: 0x71, 0x72, 0x73 | T36: Xilinx, BB, AML | U36: 0 | V36: FR4 | W36: 4 | X36: Yes | Y36: Solid Plate | Z36: 120mm | AA36: 6000 | AB36: S19 Normal-60mm | AC36: Normal Size | AD36: 2x C13 | AE36: 200-240V | AF36: Yes | AG36: December 2022 | AH36: No | AI36: =_xlfn.TEXTBEFORE(C36,"_") & " (" & _xlfn.TEXTAFTER(C36,"_") & ")" -> S19j Pro (84T) | AJ36: =_xlfn.TEXTBEFORE(C36,"_") & " (Vnish)" -> S19j Pro (Vnish) | AK36: 0 | AL36: 0
A37: D5A | B37: 94 | C37: S19j_94T | D37: =MID(A37,1,2) -> D5 | E37: S19j | F37: D5U | G37: A | H37: 2021 | I37: 34.5 | J37: =B37*I37 -> 3243 | K37: Air | L37: Unknown | N37: BM1362 | O37: 108 | P37: 3 | Q37: =O37*P37 -> 324 | R37: APW121215ABC | S37: 0x71, 0x72, 0x73 | T37: Xilinx, BB | U37: 0 | V37: FR4 | W37: 4 | X37: Yes | Y37: Solid Plate | Z37: 120mm | AA37: 6000 | AB37: S19 Normal-60mm | AC37: Normal Size | AD37: 2x C13 | AE37: 200-240V | AF37: Unknown | AG37: Unknown | AH37: Unknown | AI37: =_xlfn.TEXTBEFORE(C37,"_") & " (" & _xlfn.TEXTAFTER(C37,"_") & ")" -> S19j (94T) | AJ37: =_xlfn.TEXTBEFORE(C37,"_") & " (Vnish)" -> S19j (Vnish) | AK37: 1 | AL37: 0
A38: D5B | B38: 90 | C38: S19j_90T | D38: =MID(A38,1,2) -> D5 | E38: S19j | F38: D5U | G38: A | H38: 2021 | I38: 34.5 | J38: =B38*I38 -> 3105 | K38: Air | L38: Unknown | N38: BM1362 | O38: 108 | P38: 3 | Q38: =O38*P38 -> 324 | R38: APW121215ABC | S38: 0x71, 0x72, 0x73 | T38: Xilinx, BB | U38: 0 | V38: FR4 | W38: 4 | X38: Yes | Y38: Solid Plate | Z38: 120mm | AA38: 6000 | AB38: S19 Normal-60mm | AC38: Normal Size | AD38: 2x C13 | AE38: 200-240V | AF38: Unknown | AG38: Unknown | AH38: Unknown | AI38: =_xlfn.TEXTBEFORE(C38,"_") & " (" & _xlfn.TEXTAFTER(C38,"_") & ")" -> S19j (90T) | AJ38: =_xlfn.TEXTBEFORE(C38,"_") & " (Vnish)" -> S19j (Vnish) | AK38: 0 | AL38: 0
A39: D5C | B39: 86 | C39: S19j_86T | D39: =MID(A39,1,2) -> D5 | E39: S19j | F39: D5U | G39: A | H39: 2021 | I39: 34.5 | J39: =B39*I39 -> 2967 | K39: Air | L39: Unknown | N39: BM1362 | O39: 108 | P39: 3 | Q39: =O39*P39 -> 324 | R39: APW121215ABC | S39: 0x71, 0x72, 0x73 | T39: Xilinx, BB | U39: 0 | V39: FR4 | W39: 4 | X39: Yes | Y39: Solid Plate | Z39: 120mm | AA39: 6000 | AB39: S19 Normal-60mm | AC39: Normal Size | AD39: 2x C13 | AE39: 200-240V | AF39: Unknown | AG39: Unknown | AH39: Unknown | AI39: =_xlfn.TEXTBEFORE(C39,"_") & " (" & _xlfn.TEXTAFTER(C39,"_") & ")" -> S19j (86T) | AJ39: =_xlfn.TEXTBEFORE(C39,"_") & " (Vnish)" -> S19j (Vnish) | AK39: 0 | AL39: 0
A40: D5D | B40: 82 | C40: S19j_82T | D40: =MID(A40,1,2) -> D5 | E40: S19j | F40: D5U | G40: A | H40: 2021 | I40: 34.5 | J40: =B40*I40 -> 2829 | K40: Air | L40: Unknown | N40: BM1362 | O40: 108 | P40: 3 | Q40: =O40*P40 -> 324 | R40: APW121215ABC | S40: 0x71, 0x72, 0x73 | T40: Xilinx, BB | U40: 0 | V40: FR4 | W40: 4 | X40: Yes | Y40: Solid Plate | Z40: 120mm | AA40: 6000 | AB40: S19 Normal-60mm | AC40: Normal Size | AD40: 2x C13 | AE40: 200-240V | AF40: Unknown | AG40: Unknown | AH40: Unknown | AI40: =_xlfn.TEXTBEFORE(C40,"_") & " (" & _xlfn.TEXTAFTER(C40,"_") & ")" -> S19j (82T) | AJ40: =_xlfn.TEXTBEFORE(C40,"_") & " (Vnish)" -> S19j (Vnish) | AK40: 0 | AL40: 0
A41: DAA | B41: 110 | C41: S19a Pro_110T | D41: =MID(A41,1,2) -> DA | E41: S19a Pro | F41: DAU | G41: A | H41: 2021 | I41: 29.5 | J41: =B41*I41 -> 3245 | K41: Air | L41: BHB28501 | N41: BM1398 | O41: 100 | P41: 3 | Q41: =O41*P41 -> 300 | R41: APW121215ABC | S41: 0x71, 0x72, 0x73 | T41: Xilinx (Special) | U41: 0 | V41: FR4 | W41: Unknown | X41: Yes | Y41: Solid Plate | Z41: 120mm | AA41: 6000/7000 | AB41: S19 Short-30mm | AC41: Normal Size | AD41: 2x C13 | AE41: 200-240V | AF41: Unknown | AG41: Unknown | AH41: Unknown | AI41: =_xlfn.TEXTBEFORE(C41,"_") & " (" & _xlfn.TEXTAFTER(C41,"_") & ")" -> S19a Pro (110T) | AJ41: =_xlfn.TEXTBEFORE(C41,"_") & " (Vnish)" -> S19a Pro (Vnish) | AK41: 1 | AL41: 0
A42: DAB | B42: 106 | C42: S19a Pro_106T | D42: =MID(A42,1,2) -> DA | E42: S19a Pro | F42: DAU | G42: A | H42: 2021 | I42: 29.5 | J42: =B42*I42 -> 3127 | K42: Air | L42: BHB28501 | N42: BM1398 | O42: 100 | P42: 3 | Q42: =O42*P42 -> 300 | R42: APW121215ABC | S42: 0x71, 0x72, 0x73 | T42: Xilinx (Special) | U42: 0 | V42: FR4 | W42: Unknown | X42: Yes | Y42: Solid Plate | Z42: 120mm | AA42: 6000/7000 | AB42: S19 Short-30mm | AC42: Normal Size | AD42: 2x C13 | AE42: 200-240V | AF42: Unknown | AG42: Unknown | AH42: Unknown | AI42: =_xlfn.TEXTBEFORE(C42,"_") & " (" & _xlfn.TEXTAFTER(C42,"_") & ")" -> S19a Pro (106T) | AJ42: =_xlfn.TEXTBEFORE(C42,"_") & " (Vnish)" -> S19a Pro (Vnish) | AK42: 0 | AL42: 0
A43: DAC | B43: 102 | C43: S19a Pro_102T | D43: =MID(A43,1,2) -> DA | E43: S19a Pro | F43: DAU | G43: A | H43: 2021 | I43: 29.5 | J43: =B43*I43 -> 3009 | K43: Air | L43: BHB28501 | N43: BM1398 | O43: 100 | P43: 3 | Q43: =O43*P43 -> 300 | R43: APW121215ABC | S43: 0x71, 0x72, 0x73 | T43: Xilinx (Special) | U43: 0 | V43: FR4 | W43: Unknown | X43: Yes | Y43: Solid Plate | Z43: 120mm | AA43: 6000/7000 | AB43: S19 Short-30mm | AC43: Normal Size | AD43: 2x C13 | AE43: 200-240V | AF43: Unknown | AG43: Unknown | AH43: Unknown | AI43: =_xlfn.TEXTBEFORE(C43,"_") & " (" & _xlfn.TEXTAFTER(C43,"_") & ")" -> S19a Pro (102T) | AJ43: =_xlfn.TEXTBEFORE(C43,"_") & " (Vnish)" -> S19a Pro (Vnish) | AK43: 0 | AL43: 0
A44: DBA | B44: 96 | C44: S19a_96T | D44: =MID(A44,1,2) -> DB | E44: S19a | F44: DBU | G44: A | H44: 2021 | I44: 34.5 | J44: =B44*I44 -> 3312 | K44: Air | L44: BHB28611 | N44: BM1398 | O44: 72 | P44: 3 | Q44: =O44*P44 -> 216 | R44: APW121215ABC | S44: 0x71, 0x72, 0x73 | T44: Xilinx (Special) | U44: 0 | V44: FR4 | W44: Unknown | X44: Yes | Y44: Solid Plate | Z44: 120mm | AA44: 6000/7000 | AB44: S19 Short-30mm | AC44: Normal Size | AD44: 2x C13 | AE44: 200-240V | AF44: Unknown | AG44: Unknown | AH44: Unknown | AI44: =_xlfn.TEXTBEFORE(C44,"_") & " (" & _xlfn.TEXTAFTER(C44,"_") & ")" -> S19a (96T) | AJ44: =_xlfn.TEXTBEFORE(C44,"_") & " (Vnish)" -> S19a (Vnish) | AK44: 1 | AL44: 0
A45: DBB | B45: 92 | C45: S19a_92T | D45: =MID(A45,1,2) -> DB | E45: S19a | F45: DBU | G45: A | H45: 2021 | I45: 34.5 | J45: =B45*I45 -> 3174 | K45: Air | L45: BHB28611 | N45: BM1398 | O45: 72 | P45: 3 | Q45: =O45*P45 -> 216 | R45: APW121215ABC | S45: 0x71, 0x72, 0x73 | T45: Xilinx (Special) | U45: 0 | V45: FR4 | W45: Unknown | X45: Yes | Y45: Solid Plate | Z45: 120mm | AA45: 6000/7000 | AB45: S19 Short-30mm | AC45: Normal Size | AD45: 2x C13 | AE45: 200-240V | AF45: Unknown | AG45: Unknown | AH45: Unknown | AI45: =_xlfn.TEXTBEFORE(C45,"_") & " (" & _xlfn.TEXTAFTER(C45,"_") & ")" -> S19a (92T) | AJ45: =_xlfn.TEXTBEFORE(C45,"_") & " (Vnish)" -> S19a (Vnish) | AK45: 0 | AL45: 0
A46: DBC | B46: 88 | C46: S19a_88T | D46: =MID(A46,1,2) -> DB | E46: S19a | F46: DBU | G46: A | H46: 2021 | I46: 34.5 | J46: =B46*I46 -> 3036 | K46: Air | L46: BHB28611 | N46: BM1398 | O46: 72 | P46: 3 | Q46: =O46*P46 -> 216 | R46: APW121215ABC | S46: 0x71, 0x72, 0x73 | T46: Xilinx (Special) | U46: 0 | V46: FR4 | W46: Unknown | X46: Yes | Y46: Solid Plate | Z46: 120mm | AA46: 6000/7000 | AB46: S19 Short-30mm | AC46: Normal Size | AD46: 2x C13 | AE46: 200-240V | AF46: Unknown | AG46: Unknown | AH46: Unknown | AI46: =_xlfn.TEXTBEFORE(C46,"_") & " (" & _xlfn.TEXTAFTER(C46,"_") & ")" -> S19a (88T) | AJ46: =_xlfn.TEXTBEFORE(C46,"_") & " (Vnish)" -> S19a (Vnish) | AK46: 0 | AL46: 0
A47: DQA | B47: 158 | C47: S19 Hydro_158T | D47: DQ | E47: S19 Hydro | F47: DQU | G47: B | H47: 2022 | I47: 34.5 | J47: =B47*I47 -> 5451 | K47: Hydro | L47: HHB28x01 | N47: BM1398 | O47: 104 | P47: 4 | Q47: =O47*P47 -> 416 | R47: APW111721 (Hyd) | S47: Unknown | T47: Xilinx (Hydro) | U47: 0 | V47: FR4 | W47: Unknown | X47: Yes | Y47: Liquid-to-Chip | Z47: N/A | AA47: N/A | AB47: Hydro Size | AC47: Hydro Size | AD47: LP-20-4 | AE47: 380-415V | AF47: No | AG47: N/A | AH47: Unknown | AI47: =_xlfn.TEXTBEFORE(C47,"_") & " (" & _xlfn.TEXTAFTER(C47,"_") & ")" -> S19 Hydro (158T) | AJ47: =_xlfn.TEXTBEFORE(C47,"_") & " (Vnish)" -> S19 Hydro (Vnish) | AK47: 1 | AL47: 0
A48: DQB | B48: 151.3 | C48: S19 Hydro_151.3T | D48: DQ | E48: S19 Hydro | F48: DQU | G48: B | H48: 2022 | I48: 34.5 | J48: 5227 | K48: Hydro | L48: HHB28x01 | N48: BM1398 | O48: 104 | P48: 4 | Q48: =O48*P48 -> 416 | R48: APW111721 (Hyd) | S48: Unknown | T48: Xilinx (Hydro) | U48: 0 | V48: FR4 | W48: Unknown | X48: Yes | Y48: Liquid-to-Chip | Z48: N/A | AA48: N/A | AB48: Hydro Size | AC48: Hydro Size | AD48: LP-20-4 | AE48: 380-415V | AF48: No | AG48: N/A | AH48: Unknown | AI48: =_xlfn.TEXTBEFORE(C48,"_") & " (" & _xlfn.TEXTAFTER(C48,"_") & ")" -> S19 Hydro (151.3T) | AJ48: =_xlfn.TEXTBEFORE(C48,"_") & " (Vnish)" -> S19 Hydro (Vnish) | AK48: 0 | AL48: 0
A49: DQC | B49: 145 | C49: S19 Hydro_145T | D49: DQ | E49: S19 Hydro | F49: DQU | G49: B | H49: 2022 | I49: 34.5 | J49: 5000 | K49: Hydro | L49: HHB28x01 | N49: BM1398 | O49: 104 | P49: 4 | Q49: =O49*P49 -> 416 | R49: APW111721 (Hyd) | S49: Unknown | T49: Xilinx (Hydro) | U49: 0 | V49: FR4 | W49: Unknown | X49: Yes | Y49: Liquid-to-Chip | Z49: N/A | AA49: N/A | AB49: Hydro Size | AC49: Hydro Size | AD49: LP-20-4 | AE49: 380-415V | AF49: No | AG49: N/A | AH49: Unknown | AI49: =_xlfn.TEXTBEFORE(C49,"_") & " (" & _xlfn.TEXTAFTER(C49,"_") & ")" -> S19 Hydro (145T) | AJ49: =_xlfn.TEXTBEFORE(C49,"_") & " (Vnish)" -> S19 Hydro (Vnish) | AK49: 0 | AL49: 0
A50: DQD | B50: 138.5 | C50: S19 Hydro_138.5T | D50: DQ | E50: S19 Hydro | F50: DQU | G50: B | H50: 2022 | I50: 34.5 | J50: 4778 | K50: Hydro | L50: HHB28x01 | N50: BM1398 | O50: 104 | P50: 4 | Q50: =O50*P50 -> 416 | R50: APW111721 (Hyd) | S50: Unknown | T50: Xilinx (Hydro) | U50: 0 | V50: FR4 | W50: Unknown | X50: Yes | Y50: Liquid-to-Chip | Z50: N/A | AA50: N/A | AB50: Hydro Size | AC50: Hydro Size | AD50: LP-20-4 | AE50: 380-415V | AF50: No | AG50: N/A | AH50: Unknown | AI50: =_xlfn.TEXTBEFORE(C50,"_") & " (" & _xlfn.TEXTAFTER(C50,"_") & ")" -> S19 Hydro (138.5T) | AJ50: =_xlfn.TEXTBEFORE(C50,"_") & " (Vnish)" -> S19 Hydro (Vnish) | AK50: 0 | AL50: 0
A51: DQE | B51: 132 | C51: S19 Hydro_132T | D51: DQ | E51: S19 Hydro | F51: DQU | G51: B | H51: 2022 | I51: 34.5 | J51: 4554 | K51: Hydro | L51: HHB28x01 | N51: BM1398 | O51: 104 | P51: 4 | Q51: =O51*P51 -> 416 | R51: APW111721 (Hyd) | S51: Unknown | T51: Xilinx (Hydro) | U51: 0 | V51: FR4 | W51: Unknown | X51: Yes | Y51: Liquid-to-Chip | Z51: N/A | AA51: N/A | AB51: Hydro Size | AC51: Hydro Size | AD51: LP-20-4 | AE51: 380-415V | AF51: No | AG51: N/A | AH51: Unknown | AI51: =_xlfn.TEXTBEFORE(C51,"_") & " (" & _xlfn.TEXTAFTER(C51,"_") & ")" -> S19 Hydro (132T) | AJ51: =_xlfn.TEXTBEFORE(C51,"_") & " (Vnish)" -> S19 Hydro (Vnish) | AK51: 0 | AL51: 0
A52: DRA | B52: 119 | C52: T19 Hydro_119T | D52: DR | E52: T19 Hydro | F52: DRU | G52: B | H52: 2022 | I52: 37.5 | J52: 4463 | K52: Hydro | L52: Unknown | N52: BM1398 | P52: 4 | R52: APW111721 (Hyd) | S52: Unknown | T52: Xilinx (Hydro) | U52: 0 | V52: FR4 | W52: Unknown | X52: Yes | Y52: Liquid-to-Chip | Z52: N/A | AA52: N/A | AB52: Hydro Size | AC52: Hydro Size | AD52: LP-20-4 | AE52: 380-415V | AF52: No | AG52: N/A | AH52: Unknown | AI52: =_xlfn.TEXTBEFORE(C52,"_") & " (" & _xlfn.TEXTAFTER(C52,"_") & ")" -> T19 Hydro (119T) | AJ52: =_xlfn.TEXTBEFORE(C52,"_") & " (Vnish)" -> T19 Hydro (Vnish) | AK52: 1 | AL52: 0
A53: DRB | B53: 125 | C53: T19 Hydro_125T | D53: DR | E53: T19 Hydro | F53: DRU | G53: B | H53: 2022 | I53: 37.5 | J53: 4706 | K53: Hydro | L53: Unknown | N53: BM1398 | P53: 4 | R53: APW111721 (Hyd) | S53: Unknown | T53: Xilinx (Hydro) | U53: 0 | V53: FR4 | W53: Unknown | X53: Yes | Y53: Liquid-to-Chip | Z53: N/A | AA53: N/A | AB53: Hydro Size | AC53: Hydro Size | AD53: LP-20-4 | AE53: 380-415V | AF53: No | AG53: N/A | AH53: Unknown | AI53: =_xlfn.TEXTBEFORE(C53,"_") & " (" & _xlfn.TEXTAFTER(C53,"_") & ")" -> T19 Hydro (125T) | AJ53: =_xlfn.TEXTBEFORE(C53,"_") & " (Vnish)" -> T19 Hydro (Vnish) | AK53: 0 | AL53: 0
A54: DRC | B54: 132 | C54: T19 Hydro_132T | D54: DR | E54: T19 Hydro | F54: DRU | G54: B | H54: 2022 | I54: 37.5 | J54: 4950 | K54: Hydro | L54: Unknown | N54: BM1398 | P54: 4 | R54: APW111721 (Hyd) | S54: Unknown | T54: Xilinx (Hydro) | U54: 0 | V54: FR4 | W54: Unknown | X54: Yes | Y54: Liquid-to-Chip | Z54: N/A | AA54: N/A | AB54: Hydro Size | AC54: Hydro Size | AD54: LP-20-4 | AE54: 380-415V | AF54: No | AG54: N/A | AH54: Unknown | AI54: =_xlfn.TEXTBEFORE(C54,"_") & " (" & _xlfn.TEXTAFTER(C54,"_") & ")" -> T19 Hydro (132T) | AJ54: =_xlfn.TEXTBEFORE(C54,"_") & " (Vnish)" -> T19 Hydro (Vnish) | AK54: 0 | AL54: 0
A55: DRD | B55: 138.5 | C55: T19 Hydro_138.5T | D55: DR | E55: T19 Hydro | F55: DRU | G55: B | H55: 2022 | I55: 37.5 | J55: 5194 | K55: Hydro | L55: Unknown | N55: BM1398 | P55: 4 | R55: APW111721 (Hyd) | S55: Unknown | T55: Xilinx (Hydro) | U55: 0 | V55: FR4 | W55: Unknown | X55: Yes | Y55: Liquid-to-Chip | Z55: N/A | AA55: N/A | AB55: Hydro Size | AC55: Hydro Size | AD55: LP-20-4 | AE55: 380-415V | AF55: No | AG55: N/A | AH55: Unknown | AI55: =_xlfn.TEXTBEFORE(C55,"_") & " (" & _xlfn.TEXTAFTER(C55,"_") & ")" -> T19 Hydro (138.5T) | AJ55: =_xlfn.TEXTBEFORE(C55,"_") & " (Vnish)" -> T19 Hydro (Vnish) | AK55: 0 | AL55: 0
A56: DSA | B56: 177 | C56: S19 Pro+ Hyd._177T | D56: DS | E56: S19 Pro+ Hyd. | F56: DSU | G56: C | H56: 2023 | I56: 27.5 | J56: 4868 | K56: Hydro | L56: Unknown | N56: BM1362 | O56: 180 | P56: 4 | Q56: =O56*P56 -> 720 | R56: APW111721 (Hyd) | S56: Unknown | T56: Xilinx (Hydro) | U56: 0 | V56: FR4 | W56: 2 | X56: Yes | Y56: Liquid-to-Chip | Z56: N/A | AA56: N/A | AB56: Hydro Size | AC56: Hydro Size | AD56: LP-20-4 | AE56: 380-415V | AF56: No | AG56: N/A | AH56: Unknown | AK56: 0 | AL56: 0
A57: DSA | B57: 198 | C57: S19 Pro+ Hyd._198T | D57: DS | E57: S19 Pro+ Hyd. | F57: DSU | G57: C | H57: 2023 | I57: 27.5 | J57: 5445 | K57: Hydro | L57: Unknown | N57: BM1362 | O57: 180 | P57: 4 | Q57: =O57*P57 -> 720 | R57: APW111721 (Hyd) | S57: Unknown | T57: Xilinx (Hydro) | U57: 0 | V57: FR4 | W57: 2 | X57: Yes | Y57: Liquid-to-Chip | Z57: N/A | AA57: N/A | AB57: Hydro Size | AC57: Hydro Size | AD57: LP-20-4 | AE57: 380-415V | AF57: No | AG57: N/A | AH57: Unknown | AK57: 0 | AL57: 0
A58: DSB | B58: 170 | C58: S19 Pro+ Hyd._170T | D58: DS | E58: S19 Pro+ Hyd. | F58: DSU | G58: C | H58: 2023 | I58: 27.5 | J58: 4675 | K58: Hydro | L58: Unknown | N58: BM1362 | O58: 180 | P58: 4 | Q58: =O58*P58 -> 720 | R58: APW111721 (Hyd) | S58: Unknown | T58: Xilinx (Hydro) | U58: 0 | V58: FR4 | W58: 2 | X58: Yes | Y58: Liquid-to-Chip | Z58: N/A | AA58: N/A | AB58: Hydro Size | AC58: Hydro Size | AD58: LP-20-4 | AE58: 380-415V | AF58: No | AG58: N/A | AH58: Unknown | AK58: 0 | AL58: 0
A59: DSB | B59: 191 | C59: S19 Pro+ Hyd._191T | D59: DS | E59: S19 Pro+ Hyd. | F59: DSU | G59: C | H59: 2023 | I59: 27.5 | J59: 5253 | K59: Hydro | L59: Unknown | N59: BM1362 | O59: 180 | P59: 4 | Q59: =O59*P59 -> 720 | R59: APW111721 (Hyd) | S59: Unknown | T59: Xilinx (Hydro) | U59: 0 | V59: FR4 | W59: 2 | X59: Yes | Y59: Liquid-to-Chip | Z59: N/A | AA59: N/A | AB59: Hydro Size | AC59: Hydro Size | AD59: LP-20-4 | AE59: 380-415V | AF59: No | AG59: N/A | AH59: Unknown | AK59: 1 | AL59: 0
A60: DSC | B60: 184 | C60: S19 Pro+ Hyd._184T | D60: DS | E60: S19 Pro+ Hyd. | F60: DSU | G60: C | H60: 2023 | I60: 27.5 | J60: 5060 | K60: Hydro | L60: Unknown | N60: BM1362 | O60: 180 | P60: 4 | Q60: =O60*P60 -> 720 | R60: APW111721 (Hyd) | S60: Unknown | T60: Xilinx (Hydro) | U60: 0 | V60: FR4 | W60: 2 | X60: Yes | Y60: Liquid-to-Chip | Z60: N/A | AA60: N/A | AB60: Hydro Size | AC60: Hydro Size | AD60: LP-20-4 | AE60: 380-415V | AF60: No | AG60: N/A | AH60: Unknown | AK60: 0 | AL60: 0
A61: DWA | B61: 104 | C61: S19j Pro_104T | D61: =MID(A61,1,2) -> DW | E61: S19j Pro | F61: DWU | G61: A | H61: 2021 | I61: 29.5 | J61: =B61*I61 -> 3068 | K61: Air | L61: BHB42603 | N61: BM1362 | O61: 126 | P61: 3 | Q61: =O61*P61 -> 378 | R61: APW121215ABC | S61: 0x71, 0x72, 0x73 | T61: Xilinx, BB, AML | U61: 0 | V61: FR4 | W61: 4 | X61: Yes | Y61: Solid Plate | Z61: 120mm | AA61: 6000 | AB61: S19 Normal-60mm | AC61: Normal Size | AD61: 2x C13 | AE61: 200-240V | AF61: Yes | AG61: December 2022 | AH61: No | AI61: =_xlfn.TEXTBEFORE(C61,"_") & " (" & _xlfn.TEXTAFTER(C61,"_") & ")" -> S19j Pro (104T) | AJ61: =_xlfn.TEXTBEFORE(C61,"_") & " (Vnish)" -> S19j Pro (Vnish) | AK61: 0 | AL61: 1
A62: DWB | B62: 100 | C62: S19j Pro_100T | D62: =MID(A62,1,2) -> DW | E62: S19j Pro | F62: DWU | G62: A | H62: 2021 | I62: 29.5 | J62: =B62*I62 -> 2950 | K62: Air | L62: BHB42603 | N62: BM1362 | O62: 126 | P62: 3 | Q62: =O62*P62 -> 378 | R62: APW121215ABC | S62: 0x71, 0x72, 0x73 | T62: Xilinx, BB, AML | U62: 0 | V62: FR4 | W62: 4 | X62: Yes | Y62: Solid Plate | Z62: 120mm | AA62: 6000 | AB62: S19 Normal-60mm | AC62: Normal Size | AD62: 2x C13 | AE62: 200-240V | AF62: Yes | AG62: December 2022 | AH62: No | AI62: =_xlfn.TEXTBEFORE(C62,"_") & " (" & _xlfn.TEXTAFTER(C62,"_") & ")" -> S19j Pro (100T) | AJ62: =_xlfn.TEXTBEFORE(C62,"_") & " (Vnish)" -> S19j Pro (Vnish) | AK62: 0 | AL62: 1
A63: DWC | B63: 96 | C63: S19j Pro_96T | D63: =MID(A63,1,2) -> DW | E63: S19j Pro | F63: DWU | G63: A | H63: 2021 | I63: 29.5 | J63: =B63*I63 -> 2832 | K63: Air | L63: BHB42603 | N63: BM1362 | O63: 126 | P63: 3 | Q63: =O63*P63 -> 378 | R63: APW121215ABC | S63: 0x71, 0x72, 0x73 | T63: Xilinx, BB, AML | U63: 0 | V63: FR4 | W63: 4 | X63: Yes | Y63: Solid Plate | Z63: 120mm | AA63: 6000 | AB63: S19 Normal-60mm | AC63: Normal Size | AD63: 2x C13 | AE63: 200-240V | AF63: Yes | AG63: December 2022 | AH63: No | AI63: =_xlfn.TEXTBEFORE(C63,"_") & " (" & _xlfn.TEXTAFTER(C63,"_") & ")" -> S19j Pro (96T) | AJ63: =_xlfn.TEXTBEFORE(C63,"_") & " (Vnish)" -> S19j Pro (Vnish) | AK63: 0 | AL63: 1
A64: DXA | B64: 104 | C64: S19j Pro_104T | D64: =MID(A64,1,2) -> DX | E64: S19j Pro | F64: DXU | G64: B | H64: 2022 | I64: 29.5 | J64: =B64*I64 -> 3068 | K64: Air | L64: BHB42631 | M64: YNS | N64: BM1362 | O64: 126 | P64: 3 | Q64: =O64*P64 -> 378 | R64: APW121215DEF | S64: 0x74, 0x75, 0x76 | T64: Xilinx, BB, AML | U64: 0 | V64: Aluminum | W64: 2 | X64: No | Y64: Solid Plate | Z64: 120mm | AA64: 6000 | AB64: S19 Normal-60mm | AC64: Normal Size | AD64: 2x C13 | AE64: 200-240V | AF64: Yes | AG64: December 2022 | AH64: No | AI64: =_xlfn.TEXTBEFORE(C64,"_") & " (" & _xlfn.TEXTAFTER(C64,"_") & ")" -> S19j Pro (104T) | AJ64: =_xlfn.TEXTBEFORE(C64,"_") & " (Vnish)" -> S19j Pro (Vnish) | AK64: 0 | AL64: 1
A65: DXB | B65: 100 | C65: S19j Pro_100T | D65: =MID(A65,1,2) -> DX | E65: S19j Pro | F65: DXU | G65: B | H65: 2022 | I65: 29.5 | J65: =B65*I65 -> 2950 | K65: Air | L65: BHB42631 | M65: YNS | N65: BM1362 | O65: 126 | P65: 3 | Q65: =O65*P65 -> 378 | R65: APW121215DEF | S65: 0x74, 0x75, 0x76 | T65: Xilinx, BB, AML | U65: 0 | V65: Aluminum | W65: 2 | X65: No | Y65: Solid Plate | Z65: 120mm | AA65: 6000 | AB65: S19 Normal-60mm | AC65: Normal Size | AD65: 2x C13 | AE65: 200-240V | AF65: Yes | AG65: December 2022 | AH65: No | AI65: =_xlfn.TEXTBEFORE(C65,"_") & " (" & _xlfn.TEXTAFTER(C65,"_") & ")" -> S19j Pro (100T) | AJ65: =_xlfn.TEXTBEFORE(C65,"_") & " (Vnish)" -> S19j Pro (Vnish) | AK65: 0 | AL65: 1
A66: DXC | B66: 96 | C66: S19j Pro_96T | D66: =MID(A66,1,2) -> DX | E66: S19j Pro | F66: DXU | G66: B | H66: 2022 | I66: 29.5 | J66: =B66*I66 -> 2832 | K66: Air | L66: BHB42631 | M66: YNS | N66: BM1362 | O66: 126 | P66: 3 | Q66: =O66*P66 -> 378 | R66: APW121215DEF | S66: 0x74, 0x75, 0x76 | T66: Xilinx, BB, AML | U66: 0 | V66: Aluminum | W66: 2 | X66: No | Y66: Solid Plate | Z66: 120mm | AA66: 6000 | AB66: S19 Normal-60mm | AC66: Normal Size | AD66: 2x C13 | AE66: 200-240V | AF66: Yes | AG66: December 2022 | AH66: No | AI66: =_xlfn.TEXTBEFORE(C66,"_") & " (" & _xlfn.TEXTAFTER(C66,"_") & ")" -> S19j Pro (96T) | AJ66: =_xlfn.TEXTBEFORE(C66,"_") & " (Vnish)" -> S19j Pro (Vnish) | AK66: 0 | AL66: 1
A67: DXD | B67: 92 | C67: S19j Pro_92T | D67: =MID(A67,1,2) -> DX | E67: S19j Pro | F67: DXU | G67: B | H67: 2022 | I67: 29.5 | J67: =B67*I67 -> 2714 | K67: Air | L67: BHB42631 | M67: YNS | N67: BM1362 | O67: 126 | P67: 3 | Q67: =O67*P67 -> 378 | R67: APW121215DEF | S67: 0x74, 0x75, 0x76 | T67: Xilinx, BB, AML | U67: 0 | V67: Aluminum | W67: 2 | X67: No | Y67: Solid Plate | Z67: 120mm | AA67: 6000 | AB67: S19 Normal-60mm | AC67: Normal Size | AD67: 2x C13 | AE67: 200-240V | AF67: Yes | AG67: December 2022 | AH67: No | AI67: =_xlfn.TEXTBEFORE(C67,"_") & " (" & _xlfn.TEXTAFTER(C67,"_") & ")" -> S19j Pro (92T) | AJ67: =_xlfn.TEXTBEFORE(C67,"_") & " (Vnish)" -> S19j Pro (Vnish) | AK67: 0 | AL67: 1
A68: DXE | B68: 88 | C68: S19j Pro_88T | D68: =MID(A68,1,2) -> DX | E68: S19j Pro | F68: DXU | G68: B | H68: 2022 | I68: 29.5 | J68: =B68*I68 -> 2596 | K68: Air | L68: BHB42631 | M68: YNS | N68: BM1362 | O68: 126 | P68: 3 | Q68: =O68*P68 -> 378 | R68: APW121215DEF | S68: 0x74, 0x75, 0x76 | T68: Xilinx, BB, AML | U68: 0 | V68: Aluminum | W68: 2 | X68: No | Y68: Solid Plate | Z68: 120mm | AA68: 6000 | AB68: S19 Normal-60mm | AC68: Normal Size | AD68: 2x C13 | AE68: 200-240V | AF68: Yes | AG68: December 2022 | AH68: No | AI68: =_xlfn.TEXTBEFORE(C68,"_") & " (" & _xlfn.TEXTAFTER(C68,"_") & ")" -> S19j Pro (88T) | AJ68: =_xlfn.TEXTBEFORE(C68,"_") & " (Vnish)" -> S19j Pro (Vnish) | AK68: 0 | AL68: 1
A69: DXF | B69: 84 | C69: S19j Pro_84T | D69: =MID(A69,1,2) -> DX | E69: S19j Pro | F69: DXU | G69: B | H69: 2022 | I69: 29.5 | J69: =B69*I69 -> 2478 | K69: Air | L69: BHB42631 | M69: YNS | N69: BM1362 | O69: 126 | P69: 3 | Q69: =O69*P69 -> 378 | R69: APW121215DEF | S69: 0x74, 0x75, 0x76 | T69: Xilinx, BB, AML | U69: 0 | V69: Aluminum | W69: 2 | X69: No | Y69: Solid Plate | Z69: 120mm | AA69: 6000 | AB69: S19 Normal-60mm | AC69: Normal Size | AD69: 2x C13 | AE69: 200-240V | AF69: Yes | AG69: December 2022 | AH69: No | AI69: =_xlfn.TEXTBEFORE(C69,"_") & " (" & _xlfn.TEXTAFTER(C69,"_") & ")" -> S19j Pro (84T) | AJ69: =_xlfn.TEXTBEFORE(C69,"_") & " (Vnish)" -> S19j Pro (Vnish) | AK69: 0 | AL69: 0
A70: E3A | B70: 100 | C70: S19j Pro_100T | D70: =MID(A70,1,2) -> E3 | E70: S19j Pro | F70: E3U | G70: A | H70: 2021 | I70: 29.5 | J70: =B70*I70 -> 2950 | K70: Air | L70: BHB42621 | N70: BM1362 | O70: 126 | P70: 3 | Q70: =O70*P70 -> 378 | R70: APW121215ABC | S70: 0x71, 0x72, 0x73 | T70: Xilinx, BB, AML | U70: 0 | V70: FR4 | W70: 4 | X70: Yes | Y70: Solid Plate | Z70: 120mm | AA70: 6000 | AB70: S19 Normal-60mm | AC70: Normal Size | AD70: 2x C13 | AE70: 200-240V | AF70: Yes | AG70: December 2022 | AH70: No | AI70: =_xlfn.TEXTBEFORE(C70,"_") & " (" & _xlfn.TEXTAFTER(C70,"_") & ")" -> S19j Pro (100T) | AJ70: =_xlfn.TEXTBEFORE(C70,"_") & " (Vnish)" -> S19j Pro (Vnish) | AK70: 0 | AL70: 1
A71: E3C | B71: 104 | C71: S19j Pro_104T | D71: =MID(A71,1,2) -> E3 | E71: S19j Pro | F71: E3U | G71: A | H71: 2021 | I71: 29.5 | J71: =B71*I71 -> 3068 | K71: Air | L71: BHB42621 | N71: BM1362 | O71: 126 | P71: 3 | Q71: =O71*P71 -> 378 | R71: APW121215ABC | S71: 0x71, 0x72, 0x73 | T71: Xilinx, BB, AML | U71: 0 | V71: FR4 | W71: 4 | X71: Yes | Y71: Solid Plate | Z71: 120mm | AA71: 6000 | AB71: S19 Normal-60mm | AC71: Normal Size | AD71: 2x C13 | AE71: 200-240V | AF71: Yes | AG71: December 2022 | AH71: No | AI71: =_xlfn.TEXTBEFORE(C71,"_") & " (" & _xlfn.TEXTAFTER(C71,"_") & ")" -> S19j Pro (104T) | AJ71: =_xlfn.TEXTBEFORE(C71,"_") & " (Vnish)" -> S19j Pro (Vnish) | AK71: 0 | AL71: 1
A72: E5A | B72: 90 | C72: S19_90T | D72: =MID(A72,1,2) -> E5 | E72: S19 | F72: E5U | G72: B | H72: 2022 | I72: 34.5 | J72: =B72*I72 -> 3105 | K72: Air | L72: BHB42831 | N72: BM1362 | O72: 88 | P72: 3 | Q72: =O72*P72 -> 264 | R72: APW121417B | S72: Unknown | T72: Xilinx, AML | U72: 0.001 | V72: Aluminum | W72: 2 | X72: No | Y72: Solid Plate | Z72: 120mm | AA72: 6000 | AB72: S19 Long-90mm | AC72: Normal Size | AD72: 2x C13 | AE72: 200-240V | AF72: Yes | AG72: December 2022 | AH72: No | AI72: =_xlfn.TEXTBEFORE(C72,"_") & " (" & _xlfn.TEXTAFTER(C72,"_") & ")" -> S19 (90T) | AJ72: =_xlfn.TEXTBEFORE(C72,"_") & " (Vnish)" -> S19 (Vnish) | AK72: 0 | AL72: 0
A73: E5B | B73: 86 | C73: S19_86T | D73: =MID(A73,1,2) -> E5 | E73: S19 | F73: E5U | G73: B | H73: 2022 | I73: 34.5 | J73: =B73*I73 -> 2967 | K73: Air | L73: BHB42831 | N73: BM1362 | O73: 88 | P73: 3 | Q73: =O73*P73 -> 264 | R73: APW121417B | S73: Unknown | T73: Xilinx, AML | U73: 0.001 | V73: Aluminum | W73: 2 | X73: No | Y73: Solid Plate | Z73: 120mm | AA73: 6000 | AB73: S19 Long-90mm | AC73: Normal Size | AD73: 2x C13 | AE73: 200-240V | AF73: Yes | AG73: December 2022 | AH73: No | AI73: =_xlfn.TEXTBEFORE(C73,"_") & " (" & _xlfn.TEXTAFTER(C73,"_") & ")" -> S19 (86T) | AJ73: =_xlfn.TEXTBEFORE(C73,"_") & " (Vnish)" -> S19 (Vnish) | AK73: 0 | AL73: 0
A74: E5C | B74: 82 | C74: S19_82T | D74: =MID(A74,1,2) -> E5 | E74: S19 | F74: E5U | G74: B | H74: 2022 | I74: 34.5 | J74: =B74*I74 -> 2829 | K74: Air | L74: BHB42831 | N74: BM1362 | O74: 88 | P74: 3 | Q74: =O74*P74 -> 264 | R74: APW121417B | S74: Unknown | T74: Xilinx, AML | U74: 0.001 | V74: Aluminum | W74: 2 | X74: No | Y74: Solid Plate | Z74: 120mm | AA74: 6000 | AB74: S19 Long-90mm | AC74: Normal Size | AD74: 2x C13 | AE74: 200-240V | AF74: Yes | AG74: December 2022 | AH74: No | AI74: =_xlfn.TEXTBEFORE(C74,"_") & " (" & _xlfn.TEXTAFTER(C74,"_") & ")" -> S19 (82T) | AJ74: =_xlfn.TEXTBEFORE(C74,"_") & " (Vnish)" -> S19 (Vnish) | AK74: 0 | AL74: 0
A75: EAA | B75: 141 | C75: S19 XP_141T | D75: =MID(A75,1,2) -> EA | E75: S19 XP | F75: EAU | G75: B/C | H75: 2022/2023 | I75: 21.5 | J75: =B75*I75 -> 3031.5 | K75: Air | L75: BHB56801 | M75: YPD | N75: BM1366 | O75: 110 | P75: 3 | Q75: =O75*P75 -> 330 | R75: APW121215DEF | S75: 0x74, 0x75, 0x76 | T75: Xilinx, AML, CV | U75: 0.5 | V75: Aluminum | W75: 2 | X75: No | Y75: Solid Plate | Z75: 120mm | AA75: 6000 | AB75: S19 Normal-60mm | AC75: Normal Size | AD75: 2x C13 | AE75: 200-240V | AF75: Yes | AG75: July 2023 | AH75: No | AI75: =_xlfn.TEXTBEFORE(C75,"_") & " (" & _xlfn.TEXTAFTER(C75,"_") & ")" -> S19 XP (141T) | AJ75: =_xlfn.TEXTBEFORE(C75,"_") & " (Vnish)" -> S19 XP (Vnish) | AK75: 1 | AL75: 1
A76: EAB | B76: 134 | C76: S19 XP_134T | D76: =MID(A76,1,2) -> EA | E76: S19 XP | F76: EAU | G76: B/C | H76: 2022/2023 | I76: 21.5 | J76: =B76*I76 -> 2881 | K76: Air | L76: BHB56801 | M76: YPD | N76: BM1366 | O76: 110 | P76: 3 | Q76: =O76*P76 -> 330 | R76: APW121215DEF | S76: 0x74, 0x75, 0x76 | T76: Xilinx, AML, CV | U76: 0.5 | V76: Aluminum | W76: 2 | X76: No | Y76: Solid Plate | Z76: 120mm | AA76: 6000 | AB76: S19 Normal-60mm | AC76: Normal Size | AD76: 2x C13 | AE76: 200-240V | AF76: Yes | AG76: July 2023 | AH76: No | AI76: =_xlfn.TEXTBEFORE(C76,"_") & " (" & _xlfn.TEXTAFTER(C76,"_") & ")" -> S19 XP (134T) | AJ76: =_xlfn.TEXTBEFORE(C76,"_") & " (Vnish)" -> S19 XP (Vnish) | AK76: 0 | AL76: 1
A77: EAC | B77: 127 | C77: S19 XP_127T | D77: =MID(A77,1,2) -> EA | E77: S19 XP | F77: EAU | G77: B/C | H77: 2022/2023 | I77: 21.5 | J77: =B77*I77 -> 2730.5 | K77: Air | L77: BHB56801 | M77: YPD | N77: BM1366 | O77: 110 | P77: 3 | Q77: =O77*P77 -> 330 | R77: APW121215DEF | S77: 0x74, 0x75, 0x76 | T77: Xilinx, AML, CV | U77: 0.5 | V77: Aluminum | W77: 2 | X77: No | Y77: Solid Plate | Z77: 120mm | AA77: 6000 | AB77: S19 Normal-60mm | AC77: Normal Size | AD77: 2x C13 | AE77: 200-240V | AF77: Yes | AG77: July 2023 | AH77: No | AI77: =_xlfn.TEXTBEFORE(C77,"_") & " (" & _xlfn.TEXTAFTER(C77,"_") & ")" -> S19 XP (127T) | AJ77: =_xlfn.TEXTBEFORE(C77,"_") & " (Vnish)" -> S19 XP (Vnish) | AK77: 0 | AL77: 1
A78: EBA | B78: 169.5 | C78: S19 Pro Hyd._169.5T | D78: EB | E78: S19 Pro Hyd. | F78: EBU | G78: B | H78: 2022 | I78: 29.5 | J78: 5000 | K78: Hydro | L78: HHB42602 | N78: BM1362 | P78: 4 | R78: APW111721 (Hyd) | S78: Unknown | T78: Xilinx (Hydro) | U78: 0 | V78: FR4 | W78: 2 | X78: Yes | Y78: Liquid-to-Chip | Z78: N/A | AA78: N/A | AB78: Hydro Size | AC78: Hydro Size | AD78: LP-20-4 | AE78: 380-415V | AF78: No | AG78: N/A | AH78: Unknown | AK78: 0 | AL78: 0
A79: EBA | B79: 184 | C79: S19 Pro Hyd._184T | D79: EB | E79: S19 Pro Hyd. | F79: EBU | G79: B | H79: 2022 | I79: 29.5 | J79: 5428 | K79: Hydro | L79: HHB42602 | N79: BM1362 | P79: 4 | R79: APW111721 (Hyd) | S79: Unknown | T79: Xilinx (Hydro) | U79: 0 | V79: FR4 | W79: 2 | X79: Yes | Y79: Liquid-to-Chip | Z79: N/A | AA79: N/A | AB79: Hydro Size | AC79: Hydro Size | AD79: LP-20-4 | AE79: 380-415V | AF79: No | AG79: N/A | AH79: Unknown | AK79: 1 | AL79: 0
A80: EBB | B80: 163 | C80: S19 Pro Hyd._163T | D80: EB | E80: S19 Pro Hyd. | F80: EBU | G80: B | H80: 2022 | I80: 29.5 | J80: 4809 | K80: Hydro | L80: HHB42602 | N80: BM1362 | P80: 4 | R80: APW111721 (Hyd) | S80: Unknown | T80: Xilinx (Hydro) | U80: 0 | V80: FR4 | W80: 2 | X80: Yes | Y80: Liquid-to-Chip | Z80: N/A | AA80: N/A | AB80: Hydro Size | AC80: Hydro Size | AD80: LP-20-4 | AE80: 380-415V | AF80: No | AG80: N/A | AH80: Unknown | AK80: 0 | AL80: 0
A81: EBB | B81: 177 | C81: S19 Pro Hyd._177T | D81: EB | E81: S19 Pro Hyd. | F81: EBU | G81: B | H81: 2022 | I81: 29.5 | J81: 5222 | K81: Hydro | L81: HHB42602 | N81: BM1362 | P81: 4 | R81: APW111721 (Hyd) | S81: Unknown | T81: Xilinx (Hydro) | U81: 0 | V81: FR4 | W81: 2 | X81: Yes | Y81: Liquid-to-Chip | Z81: N/A | AA81: N/A | AB81: Hydro Size | AC81: Hydro Size | AD81: LP-20-4 | AE81: 380-415V | AF81: No | AG81: N/A | AH81: Unknown | AK81: 0 | AL81: 0
A82: EBC | B82: 162 | C82: S19 Pro Hyd._162T | D82: EB | E82: S19 Pro Hyd. | F82: EBU | G82: B | H82: 2022 | I82: 29.5 | J82: 4780 | K82: Hydro | L82: HHB42602 | N82: BM1362 | P82: 4 | R82: APW111721 (Hyd) | S82: Unknown | T82: Xilinx (Hydro) | U82: 0 | V82: FR4 | W82: 2 | X82: Yes | Y82: Liquid-to-Chip | Z82: N/A | AA82: N/A | AB82: Hydro Size | AC82: Hydro Size | AD82: LP-20-4 | AE82: 380-415V | AF82: No | AG82: N/A | AH82: Unknown | AK82: 0 | AL82: 0
A83: EBC | B83: 170 | C83: S19 Pro Hyd._170T | D83: EB | E83: S19 Pro Hyd. | F83: EBU | G83: B | H83: 2022 | I83: 29.5 | J83: 5015 | K83: Hydro | L83: HHB42602 | N83: BM1362 | P83: 4 | R83: APW111721 (Hyd) | S83: Unknown | T83: Xilinx (Hydro) | U83: 0 | V83: FR4 | W83: 2 | X83: Yes | Y83: Liquid-to-Chip | Z83: N/A | AA83: N/A | AB83: Hydro Size | AC83: Hydro Size | AD83: LP-20-4 | AE83: 380-415V | AF83: No | AG83: N/A | AH83: Unknown | AK83: 0 | AL83: 0
A84: EBD | B84: 154.5 | C84: S19 Pro Hyd._154.5T | D84: EB | E84: S19 Pro Hyd. | F84: EBU | G84: B | H84: 2022 | I84: 29.5 | J84: 4558 | K84: Hydro | L84: HHB42602 | N84: BM1362 | P84: 4 | R84: APW111721 (Hyd) | S84: Unknown | T84: Xilinx (Hydro) | U84: 0 | V84: FR4 | W84: 2 | X84: Yes | Y84: Liquid-to-Chip | Z84: N/A | AA84: N/A | AB84: Hydro Size | AC84: Hydro Size | AD84: LP-20-4 | AE84: 380-415V | AF84: No | AG84: N/A | AH84: Unknown | AK84: 0 | AL84: 0
A85: EMA | B85: 104 | C85: S19 Pro_104T | D85: =MID(A85,1,2) -> EM | E85: S19 Pro | F85: EMU | G85: B | H85: 2022 | I85: 29.5 | J85: =B85*I85 -> 3068 | K85: Air | L85: BHB42651 | M85: YPQ | N85: BM1362 | O85: 126 | P85: 3 | Q85: =O85*P85 -> 378 | R85: APW121215DEF | S85: 0x74, 0x75, 0x76 | T85: Xilinx, AML, CV | U85: 0.01 | V85: Aluminum | W85: 2 | X85: No | Y85: Solid Plate | Z85: 120mm | AA85: 6000 | AB85: S19 Normal-60mm | AC85: Normal Size | AD85: 2x C13 | AE85: 200-240V | AF85: Yes | AG85: December 2022 | AH85: No | AI85: =_xlfn.TEXTBEFORE(C85,"_") & " (" & _xlfn.TEXTAFTER(C85,"_") & ")" -> S19 Pro (104T) | AJ85: S19j Pro (Vnish) | AK85: 0 | AL85: 1
A86: EMB | B86: 100 | C86: S19 Pro_100T | D86: =MID(A86,1,2) -> EM | E86: S19 Pro | F86: EMU | G86: B | H86: 2022 | I86: 29.5 | J86: =B86*I86 -> 2950 | K86: Air | L86: BHB42651 | M86: YPQ | N86: BM1362 | O86: 126 | P86: 3 | Q86: =O86*P86 -> 378 | R86: APW121215DEF | S86: 0x74, 0x75, 0x76 | T86: Xilinx, AML, CV | U86: 0.01 | V86: Aluminum | W86: 2 | X86: No | Y86: Solid Plate | Z86: 120mm | AA86: 6000 | AB86: S19 Normal-60mm | AC86: Normal Size | AD86: 2x C13 | AE86: 200-240V | AF86: Yes | AG86: December 2022 | AH86: No | AI86: =_xlfn.TEXTBEFORE(C86,"_") & " (" & _xlfn.TEXTAFTER(C86,"_") & ")" -> S19 Pro (100T) | AJ86: S19j Pro (Vnish) | AK86: 1 | AL86: 1
A87: EMC | B87: 96 | C87: S19 Pro_96T | D87: =MID(A87,1,2) -> EM | E87: S19 Pro | F87: EMU | G87: B | H87: 2022 | I87: 29.5 | J87: =B87*I87 -> 2832 | K87: Air | L87: BHB42651 | M87: YPQ | N87: BM1362 | O87: 126 | P87: 3 | Q87: =O87*P87 -> 378 | R87: APW121215DEF | S87: 0x74, 0x75, 0x76 | T87: Xilinx, AML, CV | U87: 0.01 | V87: Aluminum | W87: 2 | X87: No | Y87: Solid Plate | Z87: 120mm | AA87: 6000 | AB87: S19 Normal-60mm | AC87: Normal Size | AD87: 2x C13 | AE87: 200-240V | AF87: Yes | AG87: December 2022 | AH87: No | AI87: =_xlfn.TEXTBEFORE(C87,"_") & " (" & _xlfn.TEXTAFTER(C87,"_") & ")" -> S19 Pro (96T) | AJ87: S19j Pro (Vnish) | AK87: 0 | AL87: 1
A88: EMD | B88: 92 | C88: S19 Pro_92T | D88: =MID(A88,1,2) -> EM | E88: S19 Pro | F88: EMU | G88: B | H88: 2022 | I88: 29.5 | J88: =B88*I88 -> 2714 | K88: Air | L88: BHB42651 | M88: YPQ | N88: BM1362 | O88: 126 | P88: 3 | Q88: =O88*P88 -> 378 | R88: APW121215DEF | S88: 0x74, 0x75, 0x76 | T88: Xilinx, AML, CV | U88: 0.01 | V88: Aluminum | W88: 2 | X88: No | Y88: Solid Plate | Z88: 120mm | AA88: 6000 | AB88: S19 Normal-60mm | AC88: Normal Size | AD88: 2x C13 | AE88: 200-240V | AF88: Yes | AG88: December 2022 | AH88: No | AI88: =_xlfn.TEXTBEFORE(C88,"_") & " (" & _xlfn.TEXTAFTER(C88,"_") & ")" -> S19 Pro (92T) | AJ88: S19j Pro (Vnish) | AK88: 0 | AL88: 1
A89: EME | B89: 88 | C89: S19 Pro_88T | D89: =MID(A89,1,2) -> EM | E89: S19 Pro | F89: EMU | G89: B | H89: 2022 | I89: 29.5 | J89: =B89*I89 -> 2596 | K89: Air | L89: BHB42651 | M89: YPQ | N89: BM1362 | O89: 126 | P89: 3 | Q89: =O89*P89 -> 378 | R89: APW121215DEF | S89: 0x74, 0x75, 0x76 | T89: Xilinx, AML, CV | U89: 0.01 | V89: Aluminum | W89: 2 | X89: No | Y89: Solid Plate | Z89: 120mm | AA89: 6000 | AB89: S19 Normal-60mm | AC89: Normal Size | AD89: 2x C13 | AE89: 200-240V | AF89: Yes | AG89: December 2022 | AH89: No | AI89: =_xlfn.TEXTBEFORE(C89,"_") & " (" & _xlfn.TEXTAFTER(C89,"_") & ")" -> S19 Pro (88T) | AJ89: S19j Pro (Vnish) | AK89: 0 | AL89: 1
A90: EMF | B90: 84 | C90: S19 Pro_84T | D90: =MID(A90,1,2) -> EM | E90: S19 Pro | F90: EMU | G90: B | H90: 2022 | I90: 29.5 | J90: =B90*I90 -> 2478 | K90: Air | L90: BHB42651 | M90: YPQ | N90: BM1362 | O90: 126 | P90: 3 | Q90: =O90*P90 -> 378 | R90: APW121215DEF | S90: 0x74, 0x75, 0x76 | T90: Xilinx, AML, CV | U90: 0.01 | V90: Aluminum | W90: 2 | X90: No | Y90: Solid Plate | Z90: 120mm | AA90: 6000 | AB90: S19 Normal-60mm | AC90: Normal Size | AD90: 2x C13 | AE90: 200-240V | AF90: Yes | AG90: December 2022 | AH90: No | AI90: =_xlfn.TEXTBEFORE(C90,"_") & " (" & _xlfn.TEXTAFTER(C90,"_") & ")" -> S19 Pro (84T) | AJ90: S19j Pro (Vnish) | AK90: 0 | AL90: 0
A91: ESA | B91: 90 | C91: S19_90T | D91: =MID(A91,1,2) -> ES | E91: S19 | F91: ESU | G91: B | H91: 2022 | I91: 34.5 | J91: =B91*I91 -> 3105 | K91: Air | L91: BHB42841 | N91: BM1362 | O91: 126 | P91: 3 | Q91: =O91*P91 -> 378 | R91: APW121215DEF | S91: 0x74, 0x75, 0x76 | T91: AML | U91: 0.001 | V91: Aluminum | W91: 2 | X91: No | Y91: Solid Plate | Z91: 120mm | AA91: 6000 | AB91: S19 Normal-60mm | AC91: Normal Size | AD91: 2x C13 | AE91: 200-240V | AF91: Yes | AG91: December 2022 | AH91: No | AI91: =_xlfn.TEXTBEFORE(C91,"_") & " (" & _xlfn.TEXTAFTER(C91,"_") & ")" -> S19 (90T) | AJ91: =_xlfn.TEXTBEFORE(C91,"_") & " (Vnish)" -> S19 (Vnish) | AK91: 0 | AL91: 0
A92: ESB | B92: 86 | C92: S19_86T | D92: =MID(A92,1,2) -> ES | E92: S19 | F92: ESU | G92: B | H92: 2022 | I92: 34.5 | J92: =B92*I92 -> 2967 | K92: Air | L92: BHB42841 | N92: BM1362 | O92: 126 | P92: 3 | Q92: =O92*P92 -> 378 | R92: APW121215DEF | S92: 0x74, 0x75, 0x76 | T92: AML | U92: 0.001 | V92: Aluminum | W92: 2 | X92: No | Y92: Solid Plate | Z92: 120mm | AA92: 6000 | AB92: S19 Normal-60mm | AC92: Normal Size | AD92: 2x C13 | AE92: 200-240V | AF92: Yes | AG92: December 2022 | AH92: No | AI92: =_xlfn.TEXTBEFORE(C92,"_") & " (" & _xlfn.TEXTAFTER(C92,"_") & ")" -> S19 (86T) | AJ92: =_xlfn.TEXTBEFORE(C92,"_") & " (Vnish)" -> S19 (Vnish) | AK92: 0 | AL92: 0
A93: ESC | B93: 82 | C93: S19_82T | D93: =MID(A93,1,2) -> ES | E93: S19 | F93: ESU | G93: B | H93: 2022 | I93: 34.5 | J93: =B93*I93 -> 2829 | K93: Air | L93: BHB42841 | N93: BM1362 | O93: 126 | P93: 3 | Q93: =O93*P93 -> 378 | R93: APW121215DEF | S93: 0x74, 0x75, 0x76 | T93: AML | U93: 0.001 | V93: Aluminum | W93: 2 | X93: No | Y93: Solid Plate | Z93: 120mm | AA93: 6000 | AB93: S19 Normal-60mm | AC93: Normal Size | AD93: 2x C13 | AE93: 200-240V | AF93: Yes | AG93: December 2022 | AH93: No | AI93: =_xlfn.TEXTBEFORE(C93,"_") & " (" & _xlfn.TEXTAFTER(C93,"_") & ")" -> S19 (82T) | AJ93: =_xlfn.TEXTBEFORE(C93,"_") & " (Vnish)" -> S19 (Vnish) | AK93: 0 | AL93: 0
A94: F1A | B94: 180 | C94: T21_180T | D94: =MID(A94,1,2) -> F1 | E94: T21 | F94: F1U | G94: D | H94: 2024 | I94: 19 | J94: =B94*I94 -> 3420 | K94: Air | L94: BHB68703 | N94: BM1368 | O94: 108 | P94: 3 | Q94: =O94*P94 -> 324 | R94: APW111216A | S94: Unknown | T94: Xilinx, AML, CV | U94: 0.95 | V94: Aluminum | W94: 2 | X94: No | Y94: Solid Plate | Z94: 120mm | AA94: 7000 | AB94: S19 Normal-60mm | AC94: Wide PSU | AD94: P33 (6 Pin) | AE94: 380-415V | AF94: No | AG94: N/A | AH94: Yes | AI94: =_xlfn.TEXTBEFORE(C94,"_") & " (" & _xlfn.TEXTAFTER(C94,"_") & ")" -> T21 (180T) | AJ94: =_xlfn.TEXTBEFORE(C94,"_") & " (Vnish)" -> T21 (Vnish) | AK94: 0 | AL94: 0
A95: F2A | B95: 190 | C95: T21_190T | D95: =MID(A95,1,2) -> F2 | E95: T21 | F95: F2U | G95: D | H95: 2024 | I95: 19 | J95: =B95*I95 -> 3610 | K95: Air | L95: BHB68701 | N95: BM1368 | O95: 108 | P95: 3 | Q95: =O95*P95 -> 324 | R95: APW111216A | S95: Unknown | T95: Xilinx, AML, CV | U95: 0.95 | V95: Aluminum | W95: 2 | X95: No | Y95: Solid Plate | Z95: 120mm | AA95: 7000 | AB95: S19 Normal-60mm | AC95: Wide PSU | AD95: P33 (6 Pin) | AE95: 380-415V | AF95: No | AG95: N/A | AH95: Yes | AI95: =_xlfn.TEXTBEFORE(C95,"_") & " (" & _xlfn.TEXTAFTER(C95,"_") & ")" -> T21 (190T) | AJ95: =_xlfn.TEXTBEFORE(C95,"_") & " (Vnish)" -> T21 (Vnish) | AK95: 1 | AL95: 0
A96: F9A | B96: 190 | C96: T21_190T | D96: =MID(A96,1,2) -> F9 | E96: T21 | F96: F9U | G96: D | H96: 2024 | I96: 19 | J96: =B96*I96 -> 3610 | K96: Air | L96: BHB68703 | N96: BM1368 | O96: 108 | P96: 3 | Q96: =O96*P96 -> 324 | R96: APW111216A | S96: Unknown | T96: Xilinx, AML, CV | U96: 0.95 | V96: Aluminum | W96: 2 | X96: No | Y96: Solid Plate | Z96: 120mm | AA96: 7000 | AB96: S19 Normal-60mm | AC96: Wide PSU | AD96: P33 (6 Pin) | AE96: 380-415V | AF96: No | AG96: N/A | AH96: Yes | AI96: =_xlfn.TEXTBEFORE(C96,"_") & " (" & _xlfn.TEXTAFTER(C96,"_") & ")" -> T21 (190T) | AJ96: =_xlfn.TEXTBEFORE(C96,"_") & " (Vnish)" -> T21 (Vnish) | AK96: 0 | AL96: 0
A97: F9C | B97: 180 | C97: T21_180T | D97: =MID(A97,1,2) -> F9 | E97: T21 | F97: F9U | G97: D | H97: 2024 | I97: 19 | J97: =B97*I97 -> 3420 | K97: Air | L97: BHB68703 | N97: BM1368 | O97: 108 | P97: 3 | Q97: =O97*P97 -> 324 | R97: APW111216A | S97: Unknown | T97: Xilinx, AML, CV | U97: 0.95 | V97: Aluminum | W97: 2 | X97: No | Y97: Solid Plate | Z97: 120mm | AA97: 7000 | AB97: S19 Normal-60mm | AC97: Wide PSU | AD97: P33 (6 Pin) | AE97: 380-415V | AF97: No | AG97: N/A | AH97: Yes | AI97: =_xlfn.TEXTBEFORE(C97,"_") & " (" & _xlfn.TEXTAFTER(C97,"_") & ")" -> T21 (180T) | AJ97: =_xlfn.TEXTBEFORE(C97,"_") & " (Vnish)" -> T21 (Vnish) | AK97: 0 | AL97: 0
A98: FAA | B98: 200 | C98: S21_200T | D98: =MID(A98,1,2) -> FA | E98: S21 | F98: FAU | G98: D | H98: 2024 | I98: 17.5 | J98: =B98*I98 -> 3500 | K98: Air | L98: BHB68606 | M98: YS3 | N98: BM1368 | O98: 108 | P98: 3 | Q98: =O98*P98 -> 324 | R98: APW171215A | S98: 0xc1 | T98: AML | U98: 0 | V98: Aluminum | W98: 2 | X98: No | Y98: Solid Plate | Z98: 120mm | AA98: 7000 | AB98: S19 Normal-60mm | AC98: Normal Size | AD98: P13 (4 Pin) | AE98: 220-277V | AF98: Yes | AG98: Initial | AH98: No | AI98: =_xlfn.TEXTBEFORE(C98,"_") & " (" & _xlfn.TEXTAFTER(C98,"_") & ")" -> S21 (200T) | AJ98: =_xlfn.TEXTBEFORE(C98,"_") & " (Vnish)" -> S21 (Vnish) | AK98: 0 | AL98: 1
A99: FAB | B99: 188 | C99: S21_188T | D99: =MID(A99,1,2) -> FA | E99: S21 | F99: FAU | G99: D | H99: 2024 | I99: 17.5 | J99: =B99*I99 -> 3290 | K99: Air | L99: BHB68606 | M99: YS3 | N99: BM1368 | O99: 108 | P99: 3 | Q99: =O99*P99 -> 324 | R99: APW171215A | S99: 0xc1 | T99: AML | U99: 0 | V99: Aluminum | W99: 2 | X99: No | Y99: Solid Plate | Z99: 120mm | AA99: 7000 | AB99: S19 Normal-60mm | AC99: Normal Size | AD99: P13 (4 Pin) | AE99: 220-277V | AF99: Yes | AG99: Initial | AH99: No | AI99: =_xlfn.TEXTBEFORE(C99,"_") & " (" & _xlfn.TEXTAFTER(C99,"_") & ")" -> S21 (188T) | AJ99: =_xlfn.TEXTBEFORE(C99,"_") & " (Vnish)" -> S21 (Vnish) | AK99: 0 | AL99: 1
A100: FAD | B100: 195 | C100: S21_195T | D100: =MID(A100,1,2) -> FA | E100: S21 | F100: FAU | G100: D | H100: 2024 | I100: 17.5 | J100: =B100*I100 -> 3412.5 | K100: Air | L100: BHB68606 | M100: YS3 | N100: BM1368 | O100: 108 | P100: 3 | Q100: =O100*P100 -> 324 | R100: APW171215A | S100: 0xc1 | T100: AML | U100: 0 | V100: Aluminum | W100: 2 | X100: No | Y100: Solid Plate | Z100: 120mm | AA100: 7000 | AB100: S19 Normal-60mm | AC100: Normal Size | AD100: P13 (4 Pin) | AE100: 220-277V | AF100: Yes | AG100: Initial | AH100: No | AI100: =_xlfn.TEXTBEFORE(C100,"_") & " (" & _xlfn.TEXTAFTER(C100,"_") & ")" -> S21 (195T) | AJ100: =_xlfn.TEXTBEFORE(C100,"_") & " (Vnish)" -> S21 (Vnish) | AK100: 0 | AL100: 1
...

Sheet Mass Import Sheet
A1: Full Serial Import | B1: Special Digits | C1: Model Serial | D1: Year Serial | E1: Result | F1: Backup Result | G1: Foreman Result | H1: Hashrate | I1: Hashboard | J1: Year Of Manufacture | K1: Avalon Special Character Check | L1: Bitmain Side Serial Check
B2: =MID(A2,5,3) | C2: =MID(B2,1,2) | D2: =MID(A2,9,1) | E2: =VLOOKUP(B2,'Full Chart'!A:E,3,FALSE) -> #N/A | F2: =VLOOKUP(C2,'Full Chart'!D:E,2,FALSE) -> #N/A | G2: ="Antminer "&F2&" ("&H2&"T)" -> #N/A | H2: =VLOOKUP(B2,'Full Chart'!A:E,2,FALSE) -> #N/A | I2: =VLOOKUP(B2,'Full Chart'!A:L,12,FALSE) -> #N/A | J2: =VLOOKUP(D2,'Full Chart'!G:H,2,FALSE) -> #N/A | K2: =MID(A2,17,4) | L2: =MID(A2,7,1) | M2: Notes
B3: =MID(A3,5,3) | C3: =MID(B3,1,2) | D3: =MID(A3,9,1) | E3: =VLOOKUP(B3,'Full Chart'!A:E,3,FALSE) -> #N/A | F3: =VLOOKUP(C3,'Full Chart'!D:E,2,FALSE) -> #N/A | G3: ="Antminer "&F3&" ("&H3&"T)" -> #N/A | H3: =VLOOKUP(B3,'Full Chart'!A:E,2,FALSE) -> #N/A | I3: =VLOOKUP(B3,'Full Chart'!A:L,12,FALSE) -> #N/A | J3: =VLOOKUP(D3,'Full Chart'!G:H,2,FALSE) -> #N/A | K3: =MID(A3,17,4) | L3: =MID(A3,7,1) | M3: *Please don't use the shared sheet for your individual use of this decoder
B4: =MID(A4,5,3) | C4: =MID(B4,1,2) | D4: =MID(A4,9,1) | E4: =VLOOKUP(B4,'Full Chart'!A:E,3,FALSE) -> #N/A | F4: =VLOOKUP(C4,'Full Chart'!D:E,2,FALSE) -> #N/A | G4: ="Antminer "&F4&" ("&H4&"T)" -> #N/A | H4: =VLOOKUP(B4,'Full Chart'!A:E,2,FALSE) -> #N/A | I4: =VLOOKUP(B4,'Full Chart'!A:L,12,FALSE) -> #N/A | J4: =VLOOKUP(D4,'Full Chart'!G:H,2,FALSE) -> #N/A | K4: =MID(A4,17,4) | L4: =MID(A4,7,1) | M4: *Copy the sheet onto your computer before using it
B5: =MID(A5,5,3) | C5: =MID(B5,1,2) | D5: =MID(A5,9,1) | E5: =VLOOKUP(B5,'Full Chart'!A:E,3,FALSE) -> #N/A | F5: =VLOOKUP(C5,'Full Chart'!D:E,2,FALSE) -> #N/A | G5: ="Antminer "&F5&" ("&H5&"T)" -> #N/A | H5: =VLOOKUP(B5,'Full Chart'!A:E,2,FALSE) -> #N/A | I5: =VLOOKUP(B5,'Full Chart'!A:L,12,FALSE) -> #N/A | J5: =VLOOKUP(D5,'Full Chart'!G:H,2,FALSE) -> #N/A | K5: =MID(A5,17,4) | L5: =MID(A5,7,1) | M5: *Drag the formula columns down as far as you need them

Sheet Methodology
B2: Bitmain Serial Decoder Explained | L2: PSU Decoder | T2: Revenue per kwh
B3: Stat | C3: Factory | D3: Sub-model | E3: Hashrate | F3: The letter B | G3: Year of Manufacture | H3: J or A | I3: Serialized Section | K3: Notes | L3: Stat | M3: Factory | N3: Sub-model | O3: The letter B | P3: Year of Manufacture | Q3: Serialized Section | T3: 1000 | U3: /efficiency | V3: TH/kW | W3: Hashprice ($/th/day) | X3: /24 | Y3: rev/kwh
B4: Position in serial | C4: Character (1-4) | D4: Character (5-6) | E4: Character (7) | F4: Character (8) | G4: Character (9) | H4: Character (10) | I4: Character (11-17) | K4: *Control Board and PSU can be assumed | L4: Position in serial | M4: Character (1-4) | N4: Character (5-7) | O4: Character (8) | P4: Character (9) | Q4: Character (10-17) | T4: 1000 | U4: 5 | V4: =T4/U4 -> 200 | W4: 0.056 | X4: 24 | Y4: =V4*W4/X4 -> 0.46666667
B5: (Known) Possible Options | C5: ANZE | D5: 67 | E5: A | F5: B | G5: I | H5: J | I5: AAA0000 | K5: *Method does not work for MicroBT, Canaan, Auradine or any brand of miner other than bitmain | L5: (Known) Possible Options | M5: DGAH | N5: 30y | O5: B | P5: I | Q5: AAAA0000 | T5: 1000 | U5: 10 | V5: =T5/U5 -> 100 | W5: 0.056 | X5: 24 | Y5: =V5*W5/X5 -> 0.23333333
C6: ASPW | D6: 68 | E6: B | G6: J | H6: A | K6: *Character 7 "hashrate" must take sub-model into account | M6: DGQG | N6: 313 | P6: J | T6: 1000 | U6: 15 | V6: =T6/U6 -> 66.666667 | W6: 0.056 | X6: 24 | Y6: =V6*W6/X6 -> 0.15555556
C7: AZEC | D7: A0 | E7: C | G7: A | K7: *Character 10 is always either A or J. J is first half of the year and A is second half of the year | M7: DGYH | N7: 318 | P7: A | T7: 1000 | U7: 20 | V7: =T7/U7 -> 50 | W7: 0.056 | X7: 24 | Y7: =V7*W7/X7 -> 0.11666667
C8: BCME | D8: AD | E8: D | G8: B | K8: *Method does not work for altcoin antminers | M8: KLKT | N8: 316 | P8: B | T8: 1000 | U8: 25 | V8: =T8/U8 -> 40 | W8: 0.056 | X8: 24 | Y8: =V8*W8/X8 -> 0.093333333
C9: CMSI | D9: AE | E9: E | G9: C | K9: *Yellow on the full chart page means the line is still pending more information | M9: OLTT | N9: 324 | P9: C | T9: 1000 | U9: 30 | V9: =T9/U9 -> 33.333333 | W9: 0.056 | X9: 24 | Y9: =V9*W9/X9 -> 0.077777778
C10: E015 | D10: AT | E10: F | G10: D | N10: 323 | P10: D | T10: 1000 | U10: 35 | V10: =T10/U10 -> 28.571429 | W10: 0.056 | X10: 24 | Y10: =V10*W10/X10 -> 0.066666667
C11: E019 | D11: AW | G11: E | N11: 324 | P11: E | T11: 1000 | U11: 40 | V11: =T11/U11 -> 25 | W11: 0.056 | X11: 24 | Y11: =V11*W11/X11 -> 0.058333333
C12: E020 | D12: B0 | G12: F | N12: 329 | T12: 1000 | U12: 45 | V12: =T12/U12 -> 22.222222 | W12: 0.056 | X12: 24 | Y12: =V12*W12/X12 -> 0.051851852
C13: FXDZ | D13: B9 | N13: 335 | P13: I=2019 | T13: 1000 | U13: 50 | V13: =T13/U13 -> 20 | W13: 0.056 | X13: 24 | Y13: =V13*W13/X13 -> 0.046666667
C14: HKYQ | D14: C2 | G14: I=2019 | N14: 347 | P14: J=2020 | T14: 1000 | U14: 55 | V14: =T14/U14 -> 18.181818 | W14: 0.056 | X14: 24 | Y14: =V14*W14/X14 -> 0.042424242
C15: HQDZ | D15: D4 | G15: J=2020 | N15: 380 | P15: A=2021 | T15: 1000 | U15: 60 | V15: =T15/U15 -> 16.666667 | W15: 0.056 | X15: 24 | Y15: =V15*W15/X15 -> 0.038888889
C16: HXXY | D16: D5 | G16: A=2021 | N16: 381 | P16: B=2022 | T16: 1000 | U16: 65 | V16: =T16/U16 -> 15.384615 | W16: 0.056 | X16: 24 | Y16: =V16*W16/X16 -> 0.035897436
C17: HYDT | D17: DA | G17: B=2022 | P17: C=2023 | T17: 1000 | U17: 70 | V17: =T17/U17 -> 14.285714 | W17: 0.056 | X17: 24 | Y17: =V17*W17/X17 -> 0.033333333
C18: KPMI | D18: DB | G18: C=2023 | P18: D=2024 | T18: 1000 | U18: 75 | V18: =T18/U18 -> 13.333333 | W18: 0.056 | X18: 24 | Y18: =V18*W18/X18 -> 0.031111111
C19: MERI | D19: DW | G19: D=2024 | P19: E=2025 | T19: 1000 | U19: 80 | V19: =T19/U19 -> 12.5 | W19: 0.056 | X19: 24 | Y19: =V19*W19/X19 -> 0.029166667
C20: NGSB | D20: DX | G20: E=2025 | T20: 1000 | U20: 85 | V20: =T20/U20 -> 11.764706 | W20: 0.056 | X20: 24 | Y20: =V20*W20/X20 -> 0.02745098
C21: PIEM | D21: E3 | G21: F=2026 | T21: 1000 | U21: 90 | V21: =T21/U21 -> 11.111111 | W21: 0.056 | X21: 24 | Y21: =V21*W21/X21 -> 0.025925926
C22: SMTT | D22: E5 | T22: 1000 | U22: 95 | V22: =T22/U22 -> 10.526316 | W22: 0.056 | X22: 24 | Y22: =V22*W22/X22 -> 0.024561404
C23: THQG | D23: EA | T23: 1000 | U23: 100 | V23: =T23/U23 -> 10 | W23: 0.056 | X23: 24 | Y23: =V23*W23/X23 -> 0.023333333
C24: YDFT | D24: EM
C25: YNAH | D25: ES
C26: ONET | D26: F1
C27: DGAH | D27: F2
D28: F9
D29: FA
D30: FB
D31: FK
